f0,f1,f2,f3,f4,f5,f6,f7,f8,f9,f10,f11,f12,f13,f14,f15,f16,f17,f18,f19,f20,f21,f22,f23,f24,f25,f26,f27,f28,f29,f30,f31,f32,f33,f34,f35,f36,f37,f38,f39,f40,f41,f42,f43,f44,f45,f46,f47,f48,f49,f50,f51,f52,f53,f54,f55,f56,f57,f58,f59,f60,f61,f62,f63,f64,f65,f66,f67,f68,f69,f70,f71,f72,f73,f74,f75,f76,f77,f78,f79,f80,f81,f82,f83,f84,f85,f86,f87,f88,f89,f90,f91,f92,f93,f94,f95,f96,f97,f98,f99,f100,f101,f102,f103,f104,f105,f106,f107,f108,f109,f110,f111,f112,f113,f114,f115,f116,f117,f118,f119,f120,f121,f122,f123,f124,f125,label
0.5997886657714844,0.691578209400177,6.557633724924017e-08,0.542677104473114,0.671745777130127,-0.004282132722437382,0.5025022625923157,0.6116198897361755,0.0005176260019652545,0.48173215985298157,0.5547670125961304,0.003204313339665532,0.45955705642700195,0.5218502283096313,0.005790707655251026,0.5311468839645386,0.4855474531650543,0.02155740186572075,0.506163477897644,0.42019951343536377,0.0203542560338974,0.49138739705085754,0.38010939955711365,0.01299840398132801,0.4787443280220032,0.3418378233909607,0.005817178171128035,0.5595006346702576,0.45889779925346375,0.015137866139411926,0.542119026184082,0.3724156618118286,0.016129672527313232,0.5305454134941101,0.31804633140563965,0.007865997031331062,0.5204113125801086,0.27376222610473633,0.0001729977229842916,0.5883854627609253,0.4540078639984131,0.0053113363683223724,0.583590567111969,0.3735046088695526,0.0011630486696958542,0.5777819156646729,0.32408493757247925,-0.007119277026504278,0.5705035328865051,0.28172072768211365,-0.013823377899825573,0.618543803691864,0.46547195315361023,-0.005918237846344709,0.6220267415046692,0.39600637555122375,-0.010714759118855,0.620745062828064,0.3548451364040375,-0.01358999777585268,0.6167900562286377,0.3178500533103943,-0.016388585790991783,0.0,0.0,0.0,0.0,0.0,0.0,0.0,0.0,0.0,0.0,0.0,0.0,0.0,0.0,0.0,0.0,0.0,0.0,0.0,0.0,0.0,0.0,0.0,0.0,0.0,0.0,0.0,0.0,0.0,0.0,0.0,0.0,0.0,0.0,0.0,0.0,0.0,0.0,0.0,0.0,0.0,0.0,0.0,0.0,0.0,0.0,0.0,0.0,0.0,0.0,0.0,0.0,0.0,0.0,0.0,0.0,0.0,0.0,0.0,0.0,0.0,0.0,0.0,Hello
0.5999544858932495,0.7940884232521057,-1.0128137439835427e-08,0.5577331185340881,0.7772948145866394,-0.019505972042679787,0.5276243090629578,0.7161005735397339,-0.028679613023996353,0.5114148259162903,0.6592565774917603,-0.03650173917412758,0.49561774730682373,0.6084689497947693,-0.044104836881160736,0.5612490773200989,0.5922258496284485,-0.014535434544086456,0.5394885540008545,0.5106122493743896,-0.028721125796437263,0.5264238119125366,0.47279441356658936,-0.04117394983768463,0.5146726965904236,0.43447166681289673,-0.050624508410692215,0.5923495292663574,0.575005829334259,-0.017076371237635612,0.5802146196365356,0.48055458068847656,-0.029043493792414665,0.5697467923164368,0.42806681990623474,-0.041707444936037064,0.5602399706840515,0.38411691784858704,-0.05179727450013161,0.6227427124977112,0.5803138017654419,-0.022669311612844467,0.6237955093383789,0.4896658957004547,-0.038000281900167465,0.6176983714103699,0.4350924491882324,-0.04893696680665016,0.6096981167793274,0.38674405217170715,-0.05640596151351929,0.6534249782562256,0.6016284823417664,-0.02980458363890648,0.6590366363525391,0.5283989310264587,-0.04344597086310387,0.6564582586288452,0.48058417439460754,-0.049035534262657166,0.6509408950805664,0.4363650381565094,-0.05285659804940224,0.0,0.0,0.0,0.0,0.0,0.0,0.0,0.0,0.0,0.0,0.0,0.0,0.0,0.0,0.0,0.0,0.0,0.0,0.0,0.0,0.0,0.0,0.0,0.0,0.0,0.0,0.0,0.0,0.0,0.0,0.0,0.0,0.0,0.0,0.0,0.0,0.0,0.0,0.0,0.0,0.0,0.0,0.0,0.0,0.0,0.0,0.0,0.0,0.0,0.0,0.0,0.0,0.0,0.0,0.0,0.0,0.0,0.0,0.0,0.0,0.0,0.0,0.0,Hello
0.6103520393371582,0.8679550290107727,9.785482646407218e-09,0.5697406530380249,0.8650515675544739,-0.02678573876619339,0.5373817682266235,0.8232494592666626,-0.045960187911987305,0.5161826610565186,0.7744092345237732,-0.061989735811948776,0.5007487535476685,0.7180911898612976,-0.07875421643257141,0.5710065960884094,0.7151979804039001,-0.043304264545440674,0.5481860637664795,0.6284914612770081,-0.06720087677240372,0.5346537828445435,0.5846452116966248,-0.08386979252099991,0.5254411697387695,0.5423522591590881,-0.09547775238752365,0.6033901572227478,0.6967342495918274,-0.043900951743125916,0.5881646275520325,0.595497727394104,-0.06553995609283447,0.5765328407287598,0.5365654230117798,-0.08100686967372894,0.5675111413002014,0.48501697182655334,-0.09234343469142914,0.6351866126060486,0.7031235694885254,-0.04657340422272682,0.6341228485107422,0.6084457635879517,-0.06982730329036713,0.6273720264434814,0.5483852624893188,-0.08315340429544449,0.6192151308059692,0.4950995147228241,-0.09136684983968735,0.6663017272949219,0.726804792881012,-0.05036814138293266,0.672119140625,0.6570364236831665,-0.07121776044368744,0.6701934337615967,0.6091448068618774,-0.07943930476903915,0.6645326614379883,0.5653543472290039,-0.08394494652748108,0.0,0.0,0.0,0.0,0.0,0.0,0.0,0.0,0.0,0.0,0.0,0.0,0.0,0.0,0.0,0.0,0.0,0.0,0.0,0.0,0.0,0.0,0.0,0.0,0.0,0.0,0.0,0.0,0.0,0.0,0.0,0.0,0.0,0.0,0.0,0.0,0.0,0.0,0.0,0.0,0.0,0.0,0.0,0.0,0.0,0.0,0.0,0.0,0.0,0.0,0.0,0.0,0.0,0.0,0.0,0.0,0.0,0.0,0.0,0.0,0.0,0.0,0.0,Hello
0.5879892706871033,0.9429328441619873,2.4709294166314066e-07,0.5352228879928589,0.9203450679779053,-0.017501525580883026,0.4995955228805542,0.8466114401817322,-0.02695048786699772,0.4777108132839203,0.7853028178215027,-0.03565596416592598,0.45757147669792175,0.7322665452957153,-0.04432421550154686,0.5349320769309998,0.7140976786613464,-0.01236740592867136,0.5182971954345703,0.6259151697158813,-0.027047788724303246,0.5063098669052124,0.5660429000854492,-0.040625300258398056,0.49880197644233704,0.5134440064430237,-0.05150803178548813,0.5654407739639282,0.6994875073432922,-0.017506148666143417,0.5508225560188293,0.5936724543571472,-0.03236525505781174,0.5401635766029358,0.5203165411949158,-0.04713742807507515,0.5322568416595459,0.4562852382659912,-0.05774274095892906,0.5956836342811584,0.7125113606452942,-0.025509528815746307,0.5988737344741821,0.6057817339897156,-0.04393599182367325,0.5971829295158386,0.5363422632217407,-0.05874272435903549,0.5944325923919678,0.4724677503108978,-0.0686439499258995,0.62479567527771,0.7473285794258118,-0.034660838544368744,0.640707790851593,0.6714468598365784,-0.05298008397221565,0.6460883021354675,0.6172918081283569,-0.06269064545631409,0.6477948427200317,0.5635141730308533,-0.06894783675670624,0.0,0.0,0.0,0.0,0.0,0.0,0.0,0.0,0.0,0.0,0.0,0.0,0.0,0.0,0.0,0.0,0.0,0.0,0.0,0.0,0.0,0.0,0.0,0.0,0.0,0.0,0.0,0.0,0.0,0.0,0.0,0.0,0.0,0.0,0.0,0.0,0.0,0.0,0.0,0.0,0.0,0.0,0.0,0.0,0.0,0.0,0.0,0.0,0.0,0.0,0.0,0.0,0.0,0.0,0.0,0.0,0.0,0.0,0.0,0.0,0.0,0.0,0.0,Hello
0.6278220415115356,0.8712024688720703,2.7496403731674945e-07,0.5686139464378357,0.8112315535545349,-0.006442794110625982,0.5293159484863281,0.7373566031455994,-0.006499777548015118,0.5091468691825867,0.6767194271087646,-0.008439815603196621,0.48977184295654297,0.6346377730369568,-0.010099244304001331,0.5663546323776245,0.6091517210006714,0.014816773124039173,0.5439550280570984,0.527807354927063,0.007003325503319502,0.530609130859375,0.4736294150352478,-0.004505593795329332,0.520280659198761,0.42476552724838257,-0.01366474013775587,0.5987603068351746,0.5899201035499573,0.007606809027493,0.5867629647254944,0.4939112663269043,0.0032147238962352276,0.5757288336753845,0.431832492351532,-0.007438945583999157,0.5654696822166443,0.378743052482605,-0.01573772169649601,0.6299365162849426,0.5938864350318909,-0.0029841577634215355,0.6326087117195129,0.5047842264175415,-0.009059660136699677,0.6290377378463745,0.4473894238471985,-0.01752655953168869,0.6231433749198914,0.397958904504776,-0.024240437895059586,0.6595296263694763,0.6220254302024841,-0.015140259638428688,0.6727313995361328,0.5540879964828491,-0.020277947187423706,0.6769612431526184,0.5068131685256958,-0.022083133459091187,0.6775519847869873,0.46250009536743164,-0.02343161590397358,0.0,0.0,0.0,0.0,0.0,0.0,0.0,0.0,0.0,0.0,0.0,0.0,0.0,0.0,0.0,0.0,0.0,0.0,0.0,0.0,0.0,0.0,0.0,0.0,0.0,0.0,0.0,0.0,0.0,0.0,0.0,0.0,0.0,0.0,0.0,0.0,0.0,0.0,0.0,0.0,0.0,0.0,0.0,0.0,0.0,0.0,0.0,0.0,0.0,0.0,0.0,0.0,0.0,0.0,0.0,0.0,0.0,0.0,0.0,0.0,0.0,0.0,0.0,Hello
0.6427359580993652,0.7977347373962402,2.0904022335344052e-07,0.5839335322380066,0.7532042860984802,-0.00796583853662014,0.5428485870361328,0.6825667023658752,-0.0075936042703688145,0.5209124088287354,0.622673749923706,-0.008770511485636234,0.4977289140224457,0.590876042842865,-0.00965074636042118,0.5773361325263977,0.5478686690330505,0.015167993493378162,0.5560469031333923,0.4705487787723541,0.01066938228905201,0.5433892607688904,0.4264433979988098,0.0018478203564882278,0.5324963331222534,0.3839617669582367,-0.005491867195814848,0.6088131070137024,0.5271440744400024,0.010122435167431831,0.5978816151618958,0.4354925751686096,0.010417274199426174,0.5885945558547974,0.3817826509475708,0.00426656985655427,0.5788807272911072,0.33774226903915405,-0.0012378196697682142,0.6400994658470154,0.5303331613540649,0.0013349861837923527,0.6429404616355896,0.44583091139793396,-0.0011761945206671953,0.6406816244125366,0.3966050446033478,-0.005550670437514782,0.6354179382324219,0.35310599207878113,-0.009575672447681427,0.6709292531013489,0.5530766844749451,-0.00956848356872797,0.684472918510437,0.4894394278526306,-0.011581153608858585,0.6889597177505493,0.4481908977031708,-0.01151298824697733,0.6906188130378723,0.40999090671539307,-0.0118246553465724,0.0,0.0,0.0,0.0,0.0,0.0,0.0,0.0,0.0,0.0,0.0,0.0,0.0,0.0,0.0,0.0,0.0,0.0,0.0,0.0,0.0,0.0,0.0,0.0,0.0,0.0,0.0,0.0,0.0,0.0,0.0,0.0,0.0,0.0,0.0,0.0,0.0,0.0,0.0,0.0,0.0,0.0,0.0,0.0,0.0,0.0,0.0,0.0,0.0,0.0,0.0,0.0,0.0,0.0,0.0,0.0,0.0,0.0,0.0,0.0,0.0,0.0,0.0,Hello
0.6486986875534058,0.7622828483581543,2.123614564197851e-07,0.5896686911582947,0.7294917106628418,-0.009271548129618168,0.543965756893158,0.6605823636054993,-0.00786734651774168,0.519104540348053,0.6008044481277466,-0.007126351818442345,0.4945262372493744,0.5708713531494141,-0.005902895703911781,0.5781960487365723,0.517745852470398,0.01332453265786171,0.5565744042396545,0.4404456317424774,0.010528785176575184,0.5449015498161316,0.39820900559425354,0.0037728960160166025,0.5356891751289368,0.3563830852508545,-0.0024071645457297564,0.610985279083252,0.49723124504089355,0.00913256499916315,0.599828839302063,0.4051373600959778,0.010464786551892757,0.5910094976425171,0.34983712434768677,0.006159985437989235,0.5826835632324219,0.30719754099845886,0.0019814467523247004,0.6432582139968872,0.502780556678772,0.0010062833316624165,0.6457660794258118,0.4218882918357849,-0.0029108731541782618,0.6437187194824219,0.37349778413772583,-0.007532442454248667,0.6395067572593689,0.33186906576156616,-0.011078954674303532,0.6744786500930786,0.5263912677764893,-0.00908147543668747,0.6871316432952881,0.4614132046699524,-0.015026350505650043,0.6922928690910339,0.42024630308151245,-0.017535865306854248,0.6951409578323364,0.3803039789199829,-0.018932471051812172,0.0,0.0,0.0,0.0,0.0,0.0,0.0,0.0,0.0,0.0,0.0,0.0,0.0,0.0,0.0,0.0,0.0,0.0,0.0,0.0,0.0,0.0,0.0,0.0,0.0,0.0,0.0,0.0,0.0,0.0,0.0,0.0,0.0,0.0,0.0,0.0,0.0,0.0,0.0,0.0,0.0,0.0,0.0,0.0,0.0,0.0,0.0,0.0,0.0,0.0,0.0,0.0,0.0,0.0,0.0,0.0,0.0,0.0,0.0,0.0,0.0,0.0,0.0,Hello
0.6445780396461487,0.7526240944862366,1.952479635747295e-07,0.5862926244735718,0.7215344309806824,-0.008332062512636185,0.5410181879997253,0.6505256295204163,-0.005375655367970467,0.5178073048591614,0.5892636775970459,-0.003233585972338915,0.493222713470459,0.5646530985832214,-0.0008050505421124399,0.5746539831161499,0.5104742646217346,0.015583592467010021,0.5523769855499268,0.4301723837852478,0.013557164929807186,0.5398074388504028,0.38596805930137634,0.007286348380148411,0.5299171805381775,0.34460365772247314,0.001076113898307085,0.6083520650863647,0.489977091550827,0.010685592889785767,0.594836413860321,0.39606112241744995,0.011566594243049622,0.5856496691703796,0.33915480971336365,0.005917419213801622,0.577808678150177,0.29511988162994385,0.0005460294196382165,0.6412729024887085,0.49540975689888,0.0019291300559416413,0.6420473456382751,0.4095633625984192,-0.002727762097492814,0.6398715972900391,0.35887616872787476,-0.008790059015154839,0.6355682015419006,0.31579723954200745,-0.01369838509708643,0.6731820702552795,0.519499659538269,-0.008549450896680355,0.6831079721450806,0.45167356729507446,-0.015211420133709908,0.6875959038734436,0.41030439734458923,-0.018236877396702766,0.690223217010498,0.3696959316730499,-0.020444614812731743,0.0,0.0,0.0,0.0,0.0,0.0,0.0,0.0,0.0,0.0,0.0,0.0,0.0,0.0,0.0,0.0,0.0,0.0,0.0,0.0,0.0,0.0,0.0,0.0,0.0,0.0,0.0,0.0,0.0,0.0,0.0,0.0,0.0,0.0,0.0,0.0,0.0,0.0,0.0,0.0,0.0,0.0,0.0,0.0,0.0,0.0,0.0,0.0,0.0,0.0,0.0,0.0,0.0,0.0,0.0,0.0,0.0,0.0,0.0,0.0,0.0,0.0,0.0,Hello
0.6408083438873291,0.7458080053329468,1.813755972079889e-07,0.582809329032898,0.7146221995353699,-0.005967015866190195,0.5374888777732849,0.6429551243782043,-0.0014738159952685237,0.5131056308746338,0.582668662071228,0.0015991961117833853,0.4880923330783844,0.5600704550743103,0.004988024942576885,0.5699575543403625,0.5069277882575989,0.020005950704216957,0.5475796461105347,0.42383426427841187,0.02014399878680706,0.5353400707244873,0.3790130019187927,0.015217258594930172,0.5256670713424683,0.3376624882221222,0.009643997065722942,0.60301673412323,0.48558107018470764,0.014380477368831635,0.5883360505104065,0.3922332525253296,0.0169655904173851,0.5791565179824829,0.3364224135875702,0.01179218664765358,0.5709637999534607,0.29439571499824524,0.006511135958135128,0.6357660889625549,0.48915740847587585,0.005012744106352329,0.635922372341156,0.4040350615978241,0.00199692789465189,0.6343457102775574,0.3540511131286621,-0.004125051200389862,0.6299040913581848,0.3123384416103363,-0.009514909237623215,0.6677994728088379,0.5108305811882019,-0.005932417698204517,0.6779245138168335,0.4447285830974579,-0.011492142453789711,0.6826466917991638,0.4034653604030609,-0.01467988546937704,0.6851860284805298,0.3636517822742462,-0.01734474115073681,0.0,0.0,0.0,0.0,0.0,0.0,0.0,0.0,0.0,0.0,0.0,0.0,0.0,0.0,0.0,0.0,0.0,0.0,0.0,0.0,0.0,0.0,0.0,0.0,0.0,0.0,0.0,0.0,0.0,0.0,0.0,0.0,0.0,0.0,0.0,0.0,0.0,0.0,0.0,0.0,0.0,0.0,0.0,0.0,0.0,0.0,0.0,0.0,0.0,0.0,0.0,0.0,0.0,0.0,0.0,0.0,0.0,0.0,0.0,0.0,0.0,0.0,0.0,Hello
0.6398109197616577,0.7391719818115234,1.9637109005543607e-07,0.5820603370666504,0.7074562907218933,-0.007800648454576731,0.5371907353401184,0.6367017030715942,-0.004104967694729567,0.512164831161499,0.5773678421974182,-0.0015679174102842808,0.48683464527130127,0.554276704788208,0.0016016787849366665,0.5711609721183777,0.5003702044487,0.019548766314983368,0.5476109981536865,0.41784653067588806,0.0187300443649292,0.5341271758079529,0.3730563521385193,0.013011686503887177,0.5234307050704956,0.33088940382003784,0.007368730381131172,0.6037946939468384,0.47892463207244873,0.015159997157752514,0.5895130634307861,0.386473149061203,0.01814708113670349,0.5797056555747986,0.33015307784080505,0.013808032497763634,0.5710819959640503,0.28782814741134644,0.009391515515744686,0.6362601518630981,0.4822689890861511,0.0067521873861551285,0.6356639862060547,0.3976275324821472,0.005170758813619614,0.6329606771469116,0.3487010896205902,0.0017094637732952833,0.628667414188385,0.30888038873672485,-0.0015266099944710732,0.668310284614563,0.5034101009368896,-0.0036939927376806736,0.6773820519447327,0.4367525577545166,-0.006796221248805523,0.6811069250106812,0.3961358964443207,-0.007386335637420416,0.6837447881698608,0.35747167468070984,-0.007864232175052166,0.0,0.0,0.0,0.0,0.0,0.0,0.0,0.0,0.0,0.0,0.0,0.0,0.0,0.0,0.0,0.0,0.0,0.0,0.0,0.0,0.0,0.0,0.0,0.0,0.0,0.0,0.0,0.0,0.0,0.0,0.0,0.0,0.0,0.0,0.0,0.0,0.0,0.0,0.0,0.0,0.0,0.0,0.0,0.0,0.0,0.0,0.0,0.0,0.0,0.0,0.0,0.0,0.0,0.0,0.0,0.0,0.0,0.0,0.0,0.0,0.0,0.0,0.0,Hello
0.6371819972991943,0.7353330254554749,1.9352114577486645e-07,0.5811352729797363,0.704474925994873,-0.007694106083363295,0.5371561646461487,0.6318398118019104,-0.00447123171761632,0.5126329064369202,0.5705885887145996,-0.0023954976350069046,0.4864676296710968,0.5494927167892456,-5.0616031330719125e-06,0.5701024532318115,0.49491313099861145,0.018271414563059807,0.5478100776672363,0.41269251704216003,0.017679408192634583,0.5352368950843811,0.36734968423843384,0.011998101137578487,0.525158166885376,0.32552725076675415,0.005944589618593454,0.6036598086357117,0.474176824092865,0.013155192136764526,0.5906628966331482,0.38124793767929077,0.015635285526514053,0.5818807482719421,0.32469457387924194,0.010085715912282467,0.5736830830574036,0.28206679224967957,0.004321160726249218,0.6360934972763062,0.4779207706451416,0.004210392013192177,0.6369463205337524,0.3937392234802246,0.0012799563119187951,0.635024905204773,0.3442895710468292,-0.004609081894159317,0.6306074857711792,0.30351167917251587,-0.009866793639957905,0.667262852191925,0.49985644221305847,-0.006502940319478512,0.6768994927406311,0.4329669773578644,-0.011058269068598747,0.6814815402030945,0.3921941816806793,-0.01330734882503748,0.6841061115264893,0.35343459248542786,-0.015451859682798386,0.0,0.0,0.0,0.0,0.0,0.0,0.0,0.0,0.0,0.0,0.0,0.0,0.0,0.0,0.0,0.0,0.0,0.0,0.0,0.0,0.0,0.0,0.0,0.0,0.0,0.0,0.0,0.0,0.0,0.0,0.0,0.0,0.0,0.0,0.0,0.0,0.0,0.0,0.0,0.0,0.0,0.0,0.0,0.0,0.0,0.0,0.0,0.0,0.0,0.0,0.0,0.0,0.0,0.0,0.0,0.0,0.0,0.0,0.0,0.0,0.0,0.0,0.0,Hello
0.6410075426101685,0.7362886667251587,1.826402922233683e-07,0.5844334363937378,0.7074010968208313,-0.007357799913734198,0.5391054749488831,0.6337376236915588,-0.004050527699291706,0.5135442614555359,0.5705595016479492,-0.0018254804890602827,0.4875800907611847,0.5458397269248962,0.0009436398395337164,0.5716767311096191,0.4952160716056824,0.017944859340786934,0.5499343872070312,0.41202738881111145,0.01755470223724842,0.5372288823127747,0.3657711148262024,0.012120920233428478,0.5271363854408264,0.32356077432632446,0.006364666391164064,0.6051988005638123,0.47471362352371216,0.012926376424729824,0.592216968536377,0.38120606541633606,0.01621069572865963,0.5831004977226257,0.3236616849899292,0.011795937083661556,0.5742695927619934,0.2814001739025116,0.006883226800709963,0.6380531787872314,0.47833091020584106,0.004147584084421396,0.6382887363433838,0.393587589263916,0.0025830611120909452,0.6358500123023987,0.34236982464790344,-0.0018819476244971156,0.6310437321662903,0.30115681886672974,-0.006329143885523081,0.6694201827049255,0.4997893273830414,-0.006482596043497324,0.6785286068916321,0.4333658516407013,-0.009818454273045063,0.6829145550727844,0.3916437029838562,-0.011119402945041656,0.6859803795814514,0.35317641496658325,-0.012580952607095242,0.0,0.0,0.0,0.0,0.0,0.0,0.0,0.0,0.0,0.0,0.0,0.0,0.0,0.0,0.0,0.0,0.0,0.0,0.0,0.0,0.0,0.0,0.0,0.0,0.0,0.0,0.0,0.0,0.0,0.0,0.0,0.0,0.0,0.0,0.0,0.0,0.0,0.0,0.0,0.0,0.0,0.0,0.0,0.0,0.0,0.0,0.0,0.0,0.0,0.0,0.0,0.0,0.0,0.0,0.0,0.0,0.0,0.0,0.0,0.0,0.0,0.0,0.0,Hello
0.6387740969657898,0.737446665763855,1.9734444833829912e-07,0.5831276774406433,0.7054084539413452,-0.00745534710586071,0.5384531617164612,0.6303857564926147,-0.003548193257302046,0.5117025971412659,0.5688548684120178,-0.0008359600324183702,0.4854809641838074,0.5483195781707764,0.0024111198727041483,0.5717133283615112,0.49528470635414124,0.019653543829917908,0.549498438835144,0.4120502173900604,0.019618557766079903,0.5364205837249756,0.3663695156574249,0.01456710509955883,0.526159942150116,0.3244321942329407,0.00920803565531969,0.605093777179718,0.47486111521720886,0.014859841205179691,0.5918254852294922,0.38077208399772644,0.018711404874920845,0.5825033187866211,0.32231587171554565,0.015067263506352901,0.5737416744232178,0.28018614649772644,0.010932056233286858,0.6378498673439026,0.4786134362220764,0.006058637518435717,0.6383267641067505,0.3934803009033203,0.004880581051111221,0.6357855796813965,0.342121422290802,0.0011073207715526223,0.6308011412620544,0.3010605573654175,-0.0025859603192657232,0.669032871723175,0.49987316131591797,-0.004698974546045065,0.6782137751579285,0.43300706148147583,-0.007693592458963394,0.682245135307312,0.39126718044281006,-0.008589858189225197,0.6847874522209167,0.35252442955970764,-0.009612785652279854,0.0,0.0,0.0,0.0,0.0,0.0,0.0,0.0,0.0,0.0,0.0,0.0,0.0,0.0,0.0,0.0,0.0,0.0,0.0,0.0,0.0,0.0,0.0,0.0,0.0,0.0,0.0,0.0,0.0,0.0,0.0,0.0,0.0,0.0,0.0,0.0,0.0,0.0,0.0,0.0,0.0,0.0,0.0,0.0,0.0,0.0,0.0,0.0,0.0,0.0,0.0,0.0,0.0,0.0,0.0,0.0,0.0,0.0,0.0,0.0,0.0,0.0,0.0,Hello
0.6388260722160339,0.7362895011901855,1.873281405551097e-07,0.5818887948989868,0.7067468166351318,-0.006324779242277145,0.537518322467804,0.6327334046363831,-0.0014718356542289257,0.5125755071640015,0.5704583525657654,0.002092370530590415,0.4871823787689209,0.5472931265830994,0.006236110348254442,0.5709740519523621,0.49598270654678345,0.02135268785059452,0.5491147041320801,0.41214168071746826,0.022378049790859222,0.536528468132019,0.3659737706184387,0.01806870847940445,0.5269125699996948,0.3234111964702606,0.013105488382279873,0.6048421859741211,0.4749719798564911,0.016194939613342285,0.5918555855751038,0.3801344931125641,0.020891772583127022,0.5830683708190918,0.3211717903614044,0.017742915078997612,0.5747880339622498,0.27897268533706665,0.013839644379913807,0.6374863386154175,0.4788878262042999,0.007076365873217583,0.638083279132843,0.39349669218063354,0.006399617064744234,0.6360009908676147,0.3415963649749756,0.002902536652982235,0.6317982077598572,0.299689918756485,-0.0007665124721825123,0.6688811182975769,0.5005115270614624,-0.003920579794794321,0.6781408786773682,0.43386271595954895,-0.0069627827033400536,0.6824980974197388,0.3920072019100189,-0.007982670329511166,0.6856213808059692,0.35257357358932495,-0.009146448224782944,0.0,0.0,0.0,0.0,0.0,0.0,0.0,0.0,0.0,0.0,0.0,0.0,0.0,0.0,0.0,0.0,0.0,0.0,0.0,0.0,0.0,0.0,0.0,0.0,0.0,0.0,0.0,0.0,0.0,0.0,0.0,0.0,0.0,0.0,0.0,0.0,0.0,0.0,0.0,0.0,0.0,0.0,0.0,0.0,0.0,0.0,0.0,0.0,0.0,0.0,0.0,0.0,0.0,0.0,0.0,0.0,0.0,0.0,0.0,0.0,0.0,0.0,0.0,Hello
0.6395922303199768,0.7371046543121338,1.8953093672280374e-07,0.5832416415214539,0.7070704102516174,-0.007379737216979265,0.5389034748077393,0.6330522298812866,-0.0038453193847090006,0.5133880972862244,0.5710371136665344,-0.0014179531717672944,0.4876999855041504,0.548007607460022,0.0016200856771320105,0.5713765025138855,0.4953576326370239,0.01877564564347267,0.5495632886886597,0.4118625223636627,0.018726985901594162,0.5367758870124817,0.36589330434799194,0.01359111350029707,0.5266562104225159,0.3235344886779785,0.008104994893074036,0.6052185297012329,0.47478294372558594,0.013887359760701656,0.5922948718070984,0.38104861974716187,0.017829978838562965,0.5832703709602356,0.3230270445346832,0.014086521230638027,0.5744443535804749,0.2806931138038635,0.00970013253390789,0.638127326965332,0.47884273529052734,0.005133256781846285,0.6380608081817627,0.39512214064598083,0.004392610862851143,0.635611355304718,0.3440062403678894,0.0009067312930710614,0.6307971477508545,0.3026038706302643,-0.0028597989585250616,0.6696098446846008,0.5005833506584167,-0.005599692929536104,0.6781652569770813,0.4343561828136444,-0.008016475476324558,0.6820603013038635,0.3928864896297455,-0.008489876054227352,0.6846866011619568,0.3541346788406372,-0.009386363439261913,0.0,0.0,0.0,0.0,0.0,0.0,0.0,0.0,0.0,0.0,0.0,0.0,0.0,0.0,0.0,0.0,0.0,0.0,0.0,0.0,0.0,0.0,0.0,0.0,0.0,0.0,0.0,0.0,0.0,0.0,0.0,0.0,0.0,0.0,0.0,0.0,0.0,0.0,0.0,0.0,0.0,0.0,0.0,0.0,0.0,0.0,0.0,0.0,0.0,0.0,0.0,0.0,0.0,0.0,0.0,0.0,0.0,0.0,0.0,0.0,0.0,0.0,0.0,Hello
0.6389245986938477,0.7364417314529419,1.8666260359623266e-07,0.5827803611755371,0.7044845819473267,-0.007177583873271942,0.5389938354492188,0.6292867660522461,-0.003734016325324774,0.5144621729850769,0.5658678412437439,-0.0016111026052385569,0.4883612096309662,0.5457991361618042,0.0008886406430974603,0.5717325210571289,0.4949089586734772,0.019151639193296432,0.5503859519958496,0.4128189980983734,0.01875738799571991,0.5379698276519775,0.3673173487186432,0.013131849467754364,0.527898371219635,0.3250632882118225,0.007118560839444399,0.605327308177948,0.47475188970565796,0.013723079115152359,0.592900276184082,0.38161396980285645,0.01688734069466591,0.5839266777038574,0.32395273447036743,0.012248647399246693,0.5750948786735535,0.28128165006637573,0.007171414326876402,0.6380267143249512,0.47901999950408936,0.004451259970664978,0.638288140296936,0.39447563886642456,0.002845112234354019,0.6358253359794617,0.3432982861995697,-0.0013837107690051198,0.6309038400650024,0.30152106285095215,-0.005668139550834894,0.6693468689918518,0.5012341737747192,-0.006744503043591976,0.6780471801757812,0.43493685126304626,-0.009905538521707058,0.6822029948234558,0.3933277726173401,-0.010834242217242718,0.6848848462104797,0.3542356789112091,-0.012117796577513218,0.0,0.0,0.0,0.0,0.0,0.0,0.0,0.0,0.0,0.0,0.0,0.0,0.0,0.0,0.0,0.0,0.0,0.0,0.0,0.0,0.0,0.0,0.0,0.0,0.0,0.0,0.0,0.0,0.0,0.0,0.0,0.0,0.0,0.0,0.0,0.0,0.0,0.0,0.0,0.0,0.0,0.0,0.0,0.0,0.0,0.0,0.0,0.0,0.0,0.0,0.0,0.0,0.0,0.0,0.0,0.0,0.0,0.0,0.0,0.0,0.0,0.0,0.0,Hello
0.6393529176712036,0.7333908677101135,2.034842907505663e-07,0.5842745900154114,0.7011197209358215,-0.007700896356254816,0.5405072569847107,0.6260632872581482,-0.004686152096837759,0.5153276920318604,0.5630075931549072,-0.002875460311770439,0.48907214403152466,0.5436313152313232,-0.0005159485735930502,0.5717718601226807,0.4931056797504425,0.018447384238243103,0.5501742959022522,0.40978747606277466,0.017814403399825096,0.5378156900405884,0.3642256557941437,0.0123210484161973,0.5282225012779236,0.32161182165145874,0.006613710429519415,0.6052117347717285,0.4728091359138489,0.013412544503808022,0.5923874974250793,0.37951716780662537,0.0166285652667284,0.5837487578392029,0.3212983310222626,0.012433144263923168,0.5757267475128174,0.27827000617980957,0.007830725982785225,0.6379404067993164,0.4766615629196167,0.0044939215295016766,0.6379733085632324,0.39239034056663513,0.0032076542265713215,0.6359983086585999,0.34100577235221863,-0.00041029759449884295,0.6317320466041565,0.2998048961162567,-0.004105550702661276,0.6693719625473022,0.49797549843788147,-0.0064446572214365005,0.6781421303749084,0.43154656887054443,-0.009030278772115707,0.6821771264076233,0.3901675343513489,-0.00943555124104023,0.6849520206451416,0.3519265651702881,-0.01019148901104927,0.0,0.0,0.0,0.0,0.0,0.0,0.0,0.0,0.0,0.0,0.0,0.0,0.0,0.0,0.0,0.0,0.0,0.0,0.0,0.0,0.0,0.0,0.0,0.0,0.0,0.0,0.0,0.0,0.0,0.0,0.0,0.0,0.0,0.0,0.0,0.0,0.0,0.0,0.0,0.0,0.0,0.0,0.0,0.0,0.0,0.0,0.0,0.0,0.0,0.0,0.0,0.0,0.0,0.0,0.0,0.0,0.0,0.0,0.0,0.0,0.0,0.0,0.0,Hello
0.6387045979499817,0.730432391166687,1.975431729306365e-07,0.58431077003479,0.6977832317352295,-0.007162519730627537,0.5409319996833801,0.6218124628067017,-0.0034661185927689075,0.5156348347663879,0.5594915151596069,-0.001018912298604846,0.4896482527256012,0.5406126379966736,0.0018698842031881213,0.5714357495307922,0.49146780371665955,0.01896337792277336,0.5490449070930481,0.40869563817977905,0.018739968538284302,0.5367012023925781,0.36344975233078003,0.013757428154349327,0.5274941325187683,0.3214169144630432,0.008408862166106701,0.6044507622718811,0.47055286169052124,0.013859471306204796,0.5911272168159485,0.37681666016578674,0.017138594761490822,0.5824645161628723,0.3186214864253998,0.013063732534646988,0.5745114684104919,0.2757067084312439,0.008644419722259045,0.6369538903236389,0.4741614758968353,0.0049346573650836945,0.6369612216949463,0.38947850465774536,0.0035430830903351307,0.6350458860397339,0.33831915259361267,-0.000336552009684965,0.6308435797691345,0.29711395502090454,-0.004170099273324013,0.6679102182388306,0.4956677556037903,-0.005889286287128925,0.676014244556427,0.429814875125885,-0.008789348416030407,0.6802287697792053,0.38917669653892517,-0.009435776621103287,0.6832172870635986,0.35181912779808044,-0.010342801921069622,0.0,0.0,0.0,0.0,0.0,0.0,0.0,0.0,0.0,0.0,0.0,0.0,0.0,0.0,0.0,0.0,0.0,0.0,0.0,0.0,0.0,0.0,0.0,0.0,0.0,0.0,0.0,0.0,0.0,0.0,0.0,0.0,0.0,0.0,0.0,0.0,0.0,0.0,0.0,0.0,0.0,0.0,0.0,0.0,0.0,0.0,0.0,0.0,0.0,0.0,0.0,0.0,0.0,0.0,0.0,0.0,0.0,0.0,0.0,0.0,0.0,0.0,0.0,Hello
0.6396950483322144,0.7292730212211609,1.8564415427135827e-07,0.5856420397758484,0.6963770985603333,-0.007225715089589357,0.542136013507843,0.6222467422485352,-0.004086142871528864,0.5164603590965271,0.5598447918891907,-0.0021381275728344917,0.4894689619541168,0.5377252101898193,0.0002620971645228565,0.5719149708747864,0.490576833486557,0.01797156035900116,0.5491281151771545,0.40828293561935425,0.017138445749878883,0.5362970232963562,0.362103670835495,0.011709100566804409,0.5268955826759338,0.31923049688339233,0.006031016819179058,0.604745626449585,0.4694215953350067,0.012772717513144016,0.5914697051048279,0.3769388794898987,0.015504532493650913,0.582707405090332,0.3190992772579193,0.01105919387191534,0.5745257139205933,0.27639704942703247,0.006228053942322731,0.636830747127533,0.47251391410827637,0.003801232436671853,0.6370431780815125,0.3894769549369812,0.0019642538391053677,0.6348017454147339,0.33875828981399536,-0.0022843345068395138,0.6299618482589722,0.2977162003517151,-0.006507649086415768,0.667298436164856,0.4933546781539917,-0.007032585330307484,0.6757891178131104,0.42850738763809204,-0.010376650840044022,0.6797806024551392,0.3878246545791626,-0.011533956974744797,0.682137131690979,0.3501474857330322,-0.01290345098823309,0.0,0.0,0.0,0.0,0.0,0.0,0.0,0.0,0.0,0.0,0.0,0.0,0.0,0.0,0.0,0.0,0.0,0.0,0.0,0.0,0.0,0.0,0.0,0.0,0.0,0.0,0.0,0.0,0.0,0.0,0.0,0.0,0.0,0.0,0.0,0.0,0.0,0.0,0.0,0.0,0.0,0.0,0.0,0.0,0.0,0.0,0.0,0.0,0.0,0.0,0.0,0.0,0.0,0.0,0.0,0.0,0.0,0.0,0.0,0.0,0.0,0.0,0.0,Hello
0.6384862065315247,0.7284902334213257,1.8235785148590367e-07,0.5838550925254822,0.6948813199996948,-0.006040205713361502,0.5414370894432068,0.6204269528388977,-0.0017927046865224838,0.5167331099510193,0.5573512315750122,0.000981286633759737,0.4902796149253845,0.5364590883255005,0.004106847569346428,0.5717530846595764,0.49003711342811584,0.02076856419444084,0.5498146414756775,0.40783578157424927,0.020862365141510963,0.5371118783950806,0.3623715043067932,0.015762940049171448,0.5274839997291565,0.31944307684898376,0.010235754773020744,0.6044985055923462,0.46869155764579773,0.015364209190011024,0.5917943716049194,0.3772015869617462,0.01909136213362217,0.5832191109657288,0.31949883699417114,0.01490687858313322,0.5752094984054565,0.27635207772254944,0.010201683267951012,0.6364688277244568,0.4719187617301941,0.006192008499056101,0.6364875435829163,0.39006125926971436,0.005488118622452021,0.6343311667442322,0.33922189474105835,0.0017873006872832775,0.6298434734344482,0.2976427972316742,-0.0022073080763220787,0.6669901609420776,0.49301570653915405,-0.004845477174967527,0.6753337383270264,0.4282051622867584,-0.007077943999320269,0.6793863773345947,0.38777610659599304,-0.007555441930890083,0.6821750998497009,0.35010382533073425,-0.008520322851836681,0.0,0.0,0.0,0.0,0.0,0.0,0.0,0.0,0.0,0.0,0.0,0.0,0.0,0.0,0.0,0.0,0.0,0.0,0.0,0.0,0.0,0.0,0.0,0.0,0.0,0.0,0.0,0.0,0.0,0.0,0.0,0.0,0.0,0.0,0.0,0.0,0.0,0.0,0.0,0.0,0.0,0.0,0.0,0.0,0.0,0.0,0.0,0.0,0.0,0.0,0.0,0.0,0.0,0.0,0.0,0.0,0.0,0.0,0.0,0.0,0.0,0.0,0.0,Hello
0.6371323466300964,0.7274513244628906,1.7768775251170155e-07,0.5832126140594482,0.6949455142021179,-0.006199577823281288,0.5411456227302551,0.6198614239692688,-0.0022467009257525206,0.516791820526123,0.5563129782676697,0.00034988412517122924,0.4907929301261902,0.5350133180618286,0.003238782985135913,0.5713524222373962,0.48969388008117676,0.019068310037255287,0.5494124889373779,0.407323956489563,0.0189219880849123,0.5368965864181519,0.36189499497413635,0.01392787043005228,0.5274733304977417,0.3195948898792267,0.008413565345108509,0.6042144894599915,0.468506395816803,0.013575387187302113,0.5910843014717102,0.37569689750671387,0.016609277576208115,0.5826928615570068,0.31771230697631836,0.011988491751253605,0.5750187039375305,0.2742008864879608,0.006905750837177038,0.6361702084541321,0.4719381332397461,0.004450282547622919,0.6366215348243713,0.38893061876296997,0.0028357263654470444,0.6348217129707336,0.3377126455307007,-0.0019113273592665792,0.630603551864624,0.2958067059516907,-0.006685385946184397,0.666717529296875,0.4932451844215393,-0.006403565872460604,0.6754902005195618,0.4279806315898895,-0.009603138081729412,0.6797813177108765,0.38716259598731995,-0.011013944633305073,0.6824893355369568,0.34907156229019165,-0.012761720456182957,0.0,0.0,0.0,0.0,0.0,0.0,0.0,0.0,0.0,0.0,0.0,0.0,0.0,0.0,0.0,0.0,0.0,0.0,0.0,0.0,0.0,0.0,0.0,0.0,0.0,0.0,0.0,0.0,0.0,0.0,0.0,0.0,0.0,0.0,0.0,0.0,0.0,0.0,0.0,0.0,0.0,0.0,0.0,0.0,0.0,0.0,0.0,0.0,0.0,0.0,0.0,0.0,0.0,0.0,0.0,0.0,0.0,0.0,0.0,0.0,0.0,0.0,0.0,Hello
0.6396253705024719,0.7268559336662292,1.743590587466315e-07,0.5857330560684204,0.6952584385871887,-0.005913367960602045,0.5431620478630066,0.6183578372001648,-0.0014841557713225484,0.518398642539978,0.5547557473182678,0.0016072974540293217,0.49211856722831726,0.5328857898712158,0.005125140305608511,0.5716001987457275,0.48807260394096375,0.019437313079833984,0.549809992313385,0.4059047996997833,0.019496414810419083,0.5373623967170715,0.36030837893486023,0.014780262485146523,0.5280404090881348,0.31802865862846375,0.00962861254811287,0.6046907305717468,0.46679890155792236,0.01413144450634718,0.5918619632720947,0.3741401731967926,0.017777806147933006,0.583303689956665,0.3161916732788086,0.014004460535943508,0.5751771330833435,0.2732577621936798,0.009719855152070522,0.6370666027069092,0.4701595902442932,0.005198843311518431,0.6374713778495789,0.3869904577732086,0.004227716010063887,0.6354550719261169,0.3358754515647888,0.00047926761908456683,0.6309188604354858,0.29445943236351013,-0.0033958887215703726,0.6679100394248962,0.49119803309440613,-0.0054925549775362015,0.6767117977142334,0.42581942677497864,-0.008146208710968494,0.6807405352592468,0.3849102854728699,-0.008923973888158798,0.6831048727035522,0.3472529947757721,-0.00998720433562994,0.0,0.0,0.0,0.0,0.0,0.0,0.0,0.0,0.0,0.0,0.0,0.0,0.0,0.0,0.0,0.0,0.0,0.0,0.0,0.0,0.0,0.0,0.0,0.0,0.0,0.0,0.0,0.0,0.0,0.0,0.0,0.0,0.0,0.0,0.0,0.0,0.0,0.0,0.0,0.0,0.0,0.0,0.0,0.0,0.0,0.0,0.0,0.0,0.0,0.0,0.0,0.0,0.0,0.0,0.0,0.0,0.0,0.0,0.0,0.0,0.0,0.0,0.0,Hello
0.639521598815918,0.7240103483200073,1.79396536736931e-07,0.5854876041412354,0.692335307598114,-0.007622624281793833,0.5425316095352173,0.6180171370506287,-0.004621483385562897,0.5181971788406372,0.5549709796905518,-0.002704777056351304,0.4925982654094696,0.5330811738967896,-0.0004358234000392258,0.5721478462219238,0.48721179366111755,0.01597996987402439,0.5500987768173218,0.4057124853134155,0.014051556587219238,0.5375745892524719,0.35947027802467346,0.00815153494477272,0.5283861756324768,0.3169350028038025,0.002324309665709734,0.6051375269889832,0.4662889242172241,0.010997717268764973,0.5924110412597656,0.3740638196468353,0.012585580348968506,0.583879292011261,0.3163701295852661,0.007804514840245247,0.5759243369102478,0.2728458344936371,0.002920999191701412,0.637309730052948,0.4696233570575714,0.0023214337415993214,0.6378204822540283,0.3865813612937927,-0.00042049383046105504,0.6356431841850281,0.3357074558734894,-0.0048178317956626415,0.6309301853179932,0.2944348156452179,-0.00893050990998745,0.6678705215454102,0.4908824861049652,-0.00820290856063366,0.6769939661026001,0.42571088671684265,-0.012215888127684593,0.6810137033462524,0.38463839888572693,-0.013575541786849499,0.6832479238510132,0.34687280654907227,-0.014942190609872341,0.0,0.0,0.0,0.0,0.0,0.0,0.0,0.0,0.0,0.0,0.0,0.0,0.0,0.0,0.0,0.0,0.0,0.0,0.0,0.0,0.0,0.0,0.0,0.0,0.0,0.0,0.0,0.0,0.0,0.0,0.0,0.0,0.0,0.0,0.0,0.0,0.0,0.0,0.0,0.0,0.0,0.0,0.0,0.0,0.0,0.0,0.0,0.0,0.0,0.0,0.0,0.0,0.0,0.0,0.0,0.0,0.0,0.0,0.0,0.0,0.0,0.0,0.0,Hello
0.6388150453567505,0.7232190370559692,1.8218889863419463e-07,0.585808277130127,0.6899195909500122,-0.006955052260309458,0.543788731098175,0.614687442779541,-0.0036170226521790028,0.5189980864524841,0.5526946187019348,-0.0014473561896011233,0.4931018352508545,0.5325832366943359,0.0010718639241531491,0.5727412104606628,0.48607590794563293,0.016955215483903885,0.5506702065467834,0.4047256112098694,0.015578169375658035,0.5380488038063049,0.35873615741729736,0.010047993622720242,0.5289545655250549,0.31628626585006714,0.004470367915928364,0.6054974794387817,0.4656619429588318,0.011830087751150131,0.5926874876022339,0.37372398376464844,0.014054850675165653,0.5841708183288574,0.3161042034626007,0.009608620777726173,0.5762051939964294,0.27259135246276855,0.004966345615684986,0.6376762986183167,0.4693489670753479,0.0030915909446775913,0.6382080316543579,0.38635510206222534,0.0009352269116789103,0.6361989974975586,0.33529382944107056,-0.003083055606111884,0.6316655874252319,0.2938697040081024,-0.006938972510397434,0.668321430683136,0.4908587336540222,-0.007433535996824503,0.6771426200866699,0.42539075016975403,-0.010799882002174854,0.6812107563018799,0.3839000463485718,-0.011600618250668049,0.6835939288139343,0.3455672860145569,-0.012578694149851799,0.0,0.0,0.0,0.0,0.0,0.0,0.0,0.0,0.0,0.0,0.0,0.0,0.0,0.0,0.0,0.0,0.0,0.0,0.0,0.0,0.0,0.0,0.0,0.0,0.0,0.0,0.0,0.0,0.0,0.0,0.0,0.0,0.0,0.0,0.0,0.0,0.0,0.0,0.0,0.0,0.0,0.0,0.0,0.0,0.0,0.0,0.0,0.0,0.0,0.0,0.0,0.0,0.0,0.0,0.0,0.0,0.0,0.0,0.0,0.0,0.0,0.0,0.0,Hello
0.6389745473861694,0.7213008999824524,1.7453960765578813e-07,0.5854963064193726,0.6872957944869995,-0.005688551813364029,0.5438523292541504,0.6129108667373657,-0.001673322869464755,0.5197322964668274,0.5514990091323853,0.0008670828538015485,0.49453625082969666,0.5318904519081116,0.0036009009927511215,0.5730777978897095,0.48524796962738037,0.018713781610131264,0.550900936126709,0.4047228693962097,0.01802573911845684,0.5386927127838135,0.3590185344219208,0.012797391042113304,0.5299502015113831,0.31705570220947266,0.007263310253620148,0.6058023571968079,0.4644549787044525,0.012955702841281891,0.5929862260818481,0.3720916211605072,0.015380163677036762,0.5845123529434204,0.31475958228111267,0.010641010478138924,0.5764525532722473,0.2712085247039795,0.005692016799002886,0.6378974914550781,0.467867374420166,0.003667449578642845,0.6385471820831299,0.38443708419799805,0.0015709428116679192,0.6364623308181763,0.33364444971084595,-0.0030840416438877583,0.6317057013511658,0.29215550422668457,-0.007544694468379021,0.6684794425964355,0.489275723695755,-0.0072667403146624565,0.6774430274963379,0.4242216944694519,-0.010681411251425743,0.6817091107368469,0.3831009864807129,-0.011883712373673916,0.6841196417808533,0.3448387384414673,-0.013326317071914673,0.0,0.0,0.0,0.0,0.0,0.0,0.0,0.0,0.0,0.0,0.0,0.0,0.0,0.0,0.0,0.0,0.0,0.0,0.0,0.0,0.0,0.0,0.0,0.0,0.0,0.0,0.0,0.0,0.0,0.0,0.0,0.0,0.0,0.0,0.0,0.0,0.0,0.0,0.0,0.0,0.0,0.0,0.0,0.0,0.0,0.0,0.0,0.0,0.0,0.0,0.0,0.0,0.0,0.0,0.0,0.0,0.0,0.0,0.0,0.0,0.0,0.0,0.0,Hello
0.6421416401863098,0.7200871109962463,1.755318805862771e-07,0.5877121686935425,0.6878838539123535,-0.005612738896161318,0.5451597571372986,0.6136516332626343,-0.001299775904044509,0.520288348197937,0.5524819493293762,0.0016010928666219115,0.4951728284358978,0.5320135951042175,0.004834255203604698,0.573712170124054,0.4851789176464081,0.019278060644865036,0.5512265563011169,0.4042913019657135,0.019233524799346924,0.5390014052391052,0.3586663603782654,0.014525249600410461,0.5302541851997375,0.31681960821151733,0.009338202886283398,0.6065534949302673,0.46348869800567627,0.013602231629192829,0.5935385227203369,0.3713802099227905,0.016661057248711586,0.5850481390953064,0.3138635754585266,0.012388291768729687,0.5768424272537231,0.2707483768463135,0.007768446113914251,0.6387142539024353,0.46643492579460144,0.0043678563088178635,0.6393378376960754,0.38339394330978394,0.002672316040843725,0.6371752619743347,0.33273524045944214,-0.001779110636562109,0.6321647763252258,0.2913733124732971,-0.0061013237573206425,0.6692849397659302,0.48734360933303833,-0.006502064876258373,0.6779659986495972,0.42296159267425537,-0.009821497835218906,0.6818300485610962,0.3822157382965088,-0.011014326475560665,0.6838851571083069,0.3442639112472534,-0.012402274645864964,0.0,0.0,0.0,0.0,0.0,0.0,0.0,0.0,0.0,0.0,0.0,0.0,0.0,0.0,0.0,0.0,0.0,0.0,0.0,0.0,0.0,0.0,0.0,0.0,0.0,0.0,0.0,0.0,0.0,0.0,0.0,0.0,0.0,0.0,0.0,0.0,0.0,0.0,0.0,0.0,0.0,0.0,0.0,0.0,0.0,0.0,0.0,0.0,0.0,0.0,0.0,0.0,0.0,0.0,0.0,0.0,0.0,0.0,0.0,0.0,0.0,0.0,0.0,Hello
0.6445675492286682,0.7209400534629822,1.7414362218914903e-07,0.5898224711418152,0.689652681350708,-0.006709313951432705,0.5465314984321594,0.6136348247528076,-0.0024757564533501863,0.5215021967887878,0.5509074330329895,0.0007370014791376889,0.4959357976913452,0.5310665965080261,0.004321129992604256,0.5744704008102417,0.485068142414093,0.017390621826052666,0.5523329973220825,0.403522253036499,0.016777558252215385,0.5399657487869263,0.3573998510837555,0.011895870789885521,0.5304024815559387,0.31570446491241455,0.006655234377831221,0.6075499057769775,0.4632492959499359,0.012429133988916874,0.5950542688369751,0.3714628517627716,0.014808569103479385,0.5862535238265991,0.31431683897972107,0.010311482474207878,0.5772465467453003,0.27137553691864014,0.00566670298576355,0.639743447303772,0.46601638197898865,0.003917937632650137,0.6409413814544678,0.383495032787323,0.0014177464181557298,0.6384633183479309,0.33278965950012207,-0.003476599231362343,0.6329100728034973,0.291030615568161,-0.007921610027551651,0.6701651811599731,0.48675060272216797,-0.006224720738828182,0.6789544224739075,0.42313238978385925,-0.010401980951428413,0.6825775504112244,0.38277027010917664,-0.012095264159142971,0.6842068433761597,0.34495478868484497,-0.013703752309083939,0.0,0.0,0.0,0.0,0.0,0.0,0.0,0.0,0.0,0.0,0.0,0.0,0.0,0.0,0.0,0.0,0.0,0.0,0.0,0.0,0.0,0.0,0.0,0.0,0.0,0.0,0.0,0.0,0.0,0.0,0.0,0.0,0.0,0.0,0.0,0.0,0.0,0.0,0.0,0.0,0.0,0.0,0.0,0.0,0.0,0.0,0.0,0.0,0.0,0.0,0.0,0.0,0.0,0.0,0.0,0.0,0.0,0.0,0.0,0.0,0.0,0.0,0.0,Hello
0.6428843140602112,0.7224801778793335,1.7306712152276305e-07,0.5890269875526428,0.6898989081382751,-0.006582216825336218,0.5466470718383789,0.614503026008606,-0.002314109355211258,0.522618293762207,0.5518094301223755,0.000778788817115128,0.4974794089794159,0.5321130752563477,0.004183486104011536,0.5746248364448547,0.4850446581840515,0.0182497501373291,0.552770733833313,0.40426814556121826,0.017474371939897537,0.5403092503547668,0.3583274781703949,0.01222898717969656,0.5307024121284485,0.3167072832584381,0.006724505219608545,0.6076583862304688,0.46368828415870667,0.013208908960223198,0.5954744815826416,0.372294157743454,0.015376392751932144,0.5866144299507141,0.3156052529811859,0.01048412173986435,0.5776110291481018,0.27251356840133667,0.005554784554988146,0.6399476528167725,0.4665578603744507,0.004587157629430294,0.6409306526184082,0.3840939998626709,0.0020762227941304445,0.6382365226745605,0.33345967531204224,-0.0028211951721459627,0.6325588226318359,0.2919718027114868,-0.0072618937119841576,0.6705908179283142,0.4875657260417938,-0.005698081571608782,0.6794650554656982,0.42373567819595337,-0.009415403939783573,0.6828386187553406,0.3834455907344818,-0.01078809704631567,0.6840665936470032,0.34641915559768677,-0.0122255589812994,0.0,0.0,0.0,0.0,0.0,0.0,0.0,0.0,0.0,0.0,0.0,0.0,0.0,0.0,0.0,0.0,0.0,0.0,0.0,0.0,0.0,0.0,0.0,0.0,0.0,0.0,0.0,0.0,0.0,0.0,0.0,0.0,0.0,0.0,0.0,0.0,0.0,0.0,0.0,0.0,0.0,0.0,0.0,0.0,0.0,0.0,0.0,0.0,0.0,0.0,0.0,0.0,0.0,0.0,0.0,0.0,0.0,0.0,0.0,0.0,0.0,0.0,0.0,Hello
0.6435719728469849,0.7217926979064941,1.8459144257576554e-07,0.5898293256759644,0.6889213919639587,-0.0066480184905231,0.5470412969589233,0.6131928563117981,-0.002467681420966983,0.5220234990119934,0.5518890619277954,0.0004691104113589972,0.4966881275177002,0.5314574837684631,0.003813749412074685,0.5749492645263672,0.48492616415023804,0.018520712852478027,0.5523362755775452,0.4047728180885315,0.018085945397615433,0.5400567650794983,0.35876771807670593,0.01325677614659071,0.5314586162567139,0.31705453991889954,0.00803906936198473,0.6078091859817505,0.46373721957206726,0.013357260264456272,0.5950875878334045,0.3719353973865509,0.015913264825940132,0.5867552161216736,0.31425172090530396,0.011732874438166618,0.5785134434700012,0.2710112929344177,0.007391725666821003,0.6400483846664429,0.4670264720916748,0.004484866745769978,0.6407600045204163,0.38354527950286865,0.002115243347361684,0.6386796832084656,0.33223798871040344,-0.002304467838257551,0.6335533857345581,0.29054155945777893,-0.006330796983093023,0.6707266569137573,0.4880736172199249,-0.006103789433836937,0.6799852252006531,0.42389729619026184,-0.01015957910567522,0.6835924386978149,0.3827188014984131,-0.011667001061141491,0.6849642992019653,0.34462809562683105,-0.01307549700140953,0.0,0.0,0.0,0.0,0.0,0.0,0.0,0.0,0.0,0.0,0.0,0.0,0.0,0.0,0.0,0.0,0.0,0.0,0.0,0.0,0.0,0.0,0.0,0.0,0.0,0.0,0.0,0.0,0.0,0.0,0.0,0.0,0.0,0.0,0.0,0.0,0.0,0.0,0.0,0.0,0.0,0.0,0.0,0.0,0.0,0.0,0.0,0.0,0.0,0.0,0.0,0.0,0.0,0.0,0.0,0.0,0.0,0.0,0.0,0.0,0.0,0.0,0.0,Hello
0.6427325010299683,0.7192984223365784,1.8215192199022567e-07,0.5893749594688416,0.6862555742263794,-0.00703219510614872,0.5474969744682312,0.6126325726509094,-0.003725054208189249,0.5228241682052612,0.5518200397491455,-0.0016477975295856595,0.49743878841400146,0.5306816101074219,0.0008490000618621707,0.5757033228874207,0.48482459783554077,0.017124658450484276,0.5531970858573914,0.4050295948982239,0.015544152818620205,0.5407394766807556,0.35954704880714417,0.010091994889080524,0.531862199306488,0.3176415264606476,0.00460501853376627,0.6083344221115112,0.4634368419647217,0.011963182128965855,0.5955917239189148,0.37207356095314026,0.013495557941496372,0.586776614189148,0.3144848346710205,0.008918668143451214,0.5781531929969788,0.2709842622280121,0.0043698870576918125,0.6402708888053894,0.4664568305015564,0.00311409798450768,0.6414805054664612,0.38362613320350647,0.0001679868291830644,0.639274537563324,0.332976758480072,-0.003983308561146259,0.6341595649719238,0.29152676463127136,-0.007741392124444246,0.670549213886261,0.48752522468566895,-0.007492600474506617,0.6799771785736084,0.4237048625946045,-0.011585207656025887,0.6835906505584717,0.3829159736633301,-0.01275830902159214,0.685046374797821,0.3450619876384735,-0.013894408009946346,0.0,0.0,0.0,0.0,0.0,0.0,0.0,0.0,0.0,0.0,0.0,0.0,0.0,0.0,0.0,0.0,0.0,0.0,0.0,0.0,0.0,0.0,0.0,0.0,0.0,0.0,0.0,0.0,0.0,0.0,0.0,0.0,0.0,0.0,0.0,0.0,0.0,0.0,0.0,0.0,0.0,0.0,0.0,0.0,0.0,0.0,0.0,0.0,0.0,0.0,0.0,0.0,0.0,0.0,0.0,0.0,0.0,0.0,0.0,0.0,0.0,0.0,0.0,Hello
0.5872379541397095,0.8387082815170288,3.1496156793764385e-07,0.6379921436309814,0.7719805240631104,0.0009017544216476381,0.6616489291191101,0.6919683218002319,0.0017279009334743023,0.6765401363372803,0.6171603798866272,0.0032166477758437395,0.6990373134613037,0.5750200152397156,0.00406621303409338,0.5962083339691162,0.6038841009140015,-0.0035576322115957737,0.5960009694099426,0.49525293707847595,-0.002759386319667101,0.5938504934310913,0.44159308075904846,-0.00214953301474452,0.5897559523582458,0.401743084192276,-0.00269455648958683,0.556942343711853,0.6080921292304993,-0.006608498282730579,0.5409043431282043,0.4801977574825287,-0.008012681268155575,0.532658576965332,0.4120149314403534,-0.009682138450443745,0.5267348289489746,0.36519956588745117,-0.011470865458250046,0.5250688195228577,0.6335934400558472,-0.008882462047040462,0.5050381422042847,0.5194777250289917,-0.012400293722748756,0.49730533361434937,0.4546734392642975,-0.019325613975524902,0.49276044964790344,0.405895859003067,-0.02442656084895134,0.5019326210021973,0.6729078888893127,-0.010135488584637642,0.47642412781715393,0.5951187014579773,-0.014267301186919212,0.46291324496269226,0.549522340297699,-0.01824556477367878,0.454244464635849,0.509440004825592,-0.02099987305700779,0.0,0.0,0.0,0.0,0.0,0.0,0.0,0.0,0.0,0.0,0.0,0.0,0.0,0.0,0.0,0.0,0.0,0.0,0.0,0.0,0.0,0.0,0.0,0.0,0.0,0.0,0.0,0.0,0.0,0.0,0.0,0.0,0.0,0.0,0.0,0.0,0.0,0.0,0.0,0.0,0.0,0.0,0.0,0.0,0.0,0.0,0.0,0.0,0.0,0.0,0.0,0.0,0.0,0.0,0.0,0.0,0.0,0.0,0.0,0.0,0.0,0.0,0.0,Bye
0.5909335613250732,0.7926755547523499,4.614739737007767e-07,0.6409593820571899,0.7215026617050171,0.004538441076874733,0.6691150665283203,0.6392070651054382,0.003717529121786356,0.6861883997917175,0.5660388469696045,0.0010915346210822463,0.7089936137199402,0.5249444842338562,-0.0027725768741220236,0.6102191209793091,0.5422139763832092,0.0009038413409143686,0.6154953837394714,0.43575793504714966,-0.002826307201758027,0.6163942813873291,0.37453949451446533,-0.006351517979055643,0.615493893623352,0.3270338475704193,-0.009465550072491169,0.5736739039421082,0.5410533547401428,-0.006682384293526411,0.567340612411499,0.4207587242126465,-0.012081321328878403,0.5597525238990784,0.348326176404953,-0.017488913610577583,0.5529592037200928,0.2932637929916382,-0.021472010761499405,0.5410481095314026,0.5618630647659302,-0.013685629703104496,0.5259991884231567,0.45089152455329895,-0.02057398296892643,0.5173004269599915,0.38086435198783875,-0.028415638953447342,0.5107077360153198,0.32522299885749817,-0.03388135880231857,0.512174665927887,0.5986981987953186,-0.019590459764003754,0.4887710511684418,0.5253218412399292,-0.026386119425296783,0.47543779015541077,0.47500288486480713,-0.02982066012918949,0.4647711217403412,0.42911720275878906,-0.03156355023384094,0.0,0.0,0.0,0.0,0.0,0.0,0.0,0.0,0.0,0.0,0.0,0.0,0.0,0.0,0.0,0.0,0.0,0.0,0.0,0.0,0.0,0.0,0.0,0.0,0.0,0.0,0.0,0.0,0.0,0.0,0.0,0.0,0.0,0.0,0.0,0.0,0.0,0.0,0.0,0.0,0.0,0.0,0.0,0.0,0.0,0.0,0.0,0.0,0.0,0.0,0.0,0.0,0.0,0.0,0.0,0.0,0.0,0.0,0.0,0.0,0.0,0.0,0.0,Bye
0.584671676158905,0.7721470594406128,4.366577854852949e-07,0.634945809841156,0.7024701237678528,0.0009192477446049452,0.6632188558578491,0.6252616047859192,-0.0031061596237123013,0.6833732724189758,0.550987958908081,-0.007569005247205496,0.7075865864753723,0.507554829120636,-0.013149398379027843,0.6051639318466187,0.5333739519119263,-0.00884475652128458,0.613074541091919,0.4228900969028473,-0.013130360282957554,0.6145524978637695,0.36035677790641785,-0.015595604665577412,0.6151962280273438,0.3141169548034668,-0.017763998359441757,0.568431556224823,0.5311561822891235,-0.013530759140849113,0.5632075667381287,0.4037511646747589,-0.018108312040567398,0.5584123134613037,0.3300202488899231,-0.021616745740175247,0.5556122064590454,0.279024213552475,-0.02450326457619667,0.5361496210098267,0.5505334138870239,-0.017272012308239937,0.5218114256858826,0.43175843358039856,-0.02248595468699932,0.5141327977180481,0.360799640417099,-0.029930002987384796,0.5099321007728577,0.307895690202713,-0.0358903631567955,0.5092171430587769,0.583390474319458,-0.019921254366636276,0.4864228069782257,0.5058751702308655,-0.026913495734333992,0.4723827540874481,0.4556315243244171,-0.03156878799200058,0.46259453892707825,0.41035693883895874,-0.034268103539943695,0.0,0.0,0.0,0.0,0.0,0.0,0.0,0.0,0.0,0.0,0.0,0.0,0.0,0.0,0.0,0.0,0.0,0.0,0.0,0.0,0.0,0.0,0.0,0.0,0.0,0.0,0.0,0.0,0.0,0.0,0.0,0.0,0.0,0.0,0.0,0.0,0.0,0.0,0.0,0.0,0.0,0.0,0.0,0.0,0.0,0.0,0.0,0.0,0.0,0.0,0.0,0.0,0.0,0.0,0.0,0.0,0.0,0.0,0.0,0.0,0.0,0.0,0.0,Bye
0.5789721608161926,0.7677398324012756,4.2511865672167914e-07,0.628401517868042,0.703087329864502,-0.0007325102924369276,0.6560370326042175,0.6243909001350403,-0.005632750689983368,0.6749276518821716,0.5508120059967041,-0.010531889274716377,0.6992347836494446,0.5069482922554016,-0.01666797138750553,0.5986230373382568,0.529340922832489,-0.014697066508233547,0.6069180965423584,0.41831132769584656,-0.021350491791963577,0.6084892749786377,0.3537253737449646,-0.024651778861880302,0.6085375547409058,0.30642202496528625,-0.027087748050689697,0.5625132918357849,0.5265660881996155,-0.019276032224297523,0.5572566390037537,0.3970348834991455,-0.026458628475666046,0.5524230003356934,0.32317396998405457,-0.030360830947756767,0.5490125417709351,0.2719091773033142,-0.033030424267053604,0.5298299193382263,0.5450208783149719,-0.022648731246590614,0.514339804649353,0.4230315387248993,-0.02941932901740074,0.5062620043754578,0.3522300124168396,-0.03560034558176994,0.5015662908554077,0.2990680932998657,-0.04027559608221054,0.5017301440238953,0.5788203477859497,-0.025001872330904007,0.4787612557411194,0.4974752366542816,-0.03189883753657341,0.46659785509109497,0.4462330937385559,-0.03487584367394447,0.45912331342697144,0.4011135697364807,-0.036167532205581665,0.0,0.0,0.0,0.0,0.0,0.0,0.0,0.0,0.0,0.0,0.0,0.0,0.0,0.0,0.0,0.0,0.0,0.0,0.0,0.0,0.0,0.0,0.0,0.0,0.0,0.0,0.0,0.0,0.0,0.0,0.0,0.0,0.0,0.0,0.0,0.0,0.0,0.0,0.0,0.0,0.0,0.0,0.0,0.0,0.0,0.0,0.0,0.0,0.0,0.0,0.0,0.0,0.0,0.0,0.0,0.0,0.0,0.0,0.0,0.0,0.0,0.0,0.0,Bye
0.576084315776825,0.7687586545944214,3.922120868082857e-07,0.6244112253189087,0.7018738985061646,0.0012733492767438293,0.6527392864227295,0.6248003840446472,-0.003005185630172491,0.6723445653915405,0.5496587157249451,-0.007609658408910036,0.6970767378807068,0.506120502948761,-0.013643616810441017,0.594158947467804,0.5329307317733765,-0.013972843065857887,0.6015748381614685,0.4221329391002655,-0.02056044340133667,0.6038387417793274,0.358218252658844,-0.024095457047224045,0.6050293445587158,0.3091205358505249,-0.027092454954981804,0.5583192706108093,0.5293341875076294,-0.01953219622373581,0.5529216527938843,0.40080565214157104,-0.027347171679139137,0.5484274625778198,0.3258075416088104,-0.03227796405553818,0.5456951260566711,0.2721453309059143,-0.036134928464889526,0.5267302989959717,0.5483412146568298,-0.02363027259707451,0.5100409984588623,0.42847082018852234,-0.03176339715719223,0.5018133521080017,0.3548294007778168,-0.039769742637872696,0.49690768122673035,0.2984001338481903,-0.04582495987415314,0.5004677772521973,0.5825990438461304,-0.026373133063316345,0.47530612349510193,0.5011624097824097,-0.03523804619908333,0.461464524269104,0.44946789741516113,-0.0401635468006134,0.45145857334136963,0.40290749073028564,-0.042980972677469254,0.0,0.0,0.0,0.0,0.0,0.0,0.0,0.0,0.0,0.0,0.0,0.0,0.0,0.0,0.0,0.0,0.0,0.0,0.0,0.0,0.0,0.0,0.0,0.0,0.0,0.0,0.0,0.0,0.0,0.0,0.0,0.0,0.0,0.0,0.0,0.0,0.0,0.0,0.0,0.0,0.0,0.0,0.0,0.0,0.0,0.0,0.0,0.0,0.0,0.0,0.0,0.0,0.0,0.0,0.0,0.0,0.0,0.0,0.0,0.0,0.0,0.0,0.0,Bye
0.5761536955833435,0.7717717289924622,3.88546112617405e-07,0.6252461075782776,0.7050528526306152,0.002598794410005212,0.6535287499427795,0.6280768513679504,-0.0004343479231465608,0.6730757355690002,0.5515047311782837,-0.004273722413927317,0.6972745656967163,0.5069758296012878,-0.00952487625181675,0.596365749835968,0.5297715067863464,-0.009680279530584812,0.6039567589759827,0.41812682151794434,-0.015096493996679783,0.6052770614624023,0.3546741306781769,-0.017785970121622086,0.6053045392036438,0.30611032247543335,-0.0202703308314085,0.5609816908836365,0.5266611576080322,-0.01607460156083107,0.5543051958084106,0.3985940217971802,-0.024132471531629562,0.5483794808387756,0.32343143224716187,-0.029639016836881638,0.5443309545516968,0.2689896821975708,-0.033550575375556946,0.5291712880134583,0.5477808713912964,-0.02110796980559826,0.5125213861465454,0.42750290036201477,-0.030073218047618866,0.5024598836898804,0.3541102707386017,-0.03888709470629692,0.49576056003570557,0.29784929752349854,-0.044949110597372055,0.5017014145851135,0.5848670601844788,-0.024632353335618973,0.4764179289340973,0.5024842023849487,-0.0339941568672657,0.4619426131248474,0.450290322303772,-0.039386291056871414,0.45107802748680115,0.4027598202228546,-0.042265959084033966,0.0,0.0,0.0,0.0,0.0,0.0,0.0,0.0,0.0,0.0,0.0,0.0,0.0,0.0,0.0,0.0,0.0,0.0,0.0,0.0,0.0,0.0,0.0,0.0,0.0,0.0,0.0,0.0,0.0,0.0,0.0,0.0,0.0,0.0,0.0,0.0,0.0,0.0,0.0,0.0,0.0,0.0,0.0,0.0,0.0,0.0,0.0,0.0,0.0,0.0,0.0,0.0,0.0,0.0,0.0,0.0,0.0,0.0,0.0,0.0,0.0,0.0,0.0,Bye
0.5788101553916931,0.7715983390808105,3.9707751398054825e-07,0.6285938620567322,0.703580379486084,0.00034497215528972447,0.6577037572860718,0.6285643577575684,-0.004658662714064121,0.6773766279220581,0.5503445863723755,-0.01021282933652401,0.7017147541046143,0.5053492188453674,-0.01702849380671978,0.598698079586029,0.5316640734672546,-0.013029242865741253,0.6067980527877808,0.42042356729507446,-0.020486241206526756,0.609218418598175,0.3557930886745453,-0.02469509094953537,0.610441267490387,0.30568307638168335,-0.02793837897479534,0.5631744265556335,0.5264824032783508,-0.0189606212079525,0.5581187009811401,0.39656975865364075,-0.02820965275168419,0.5525861382484436,0.32033902406692505,-0.03437187895178795,0.5488863587379456,0.2661589980125427,-0.03865437209606171,0.5316393375396729,0.5454391241073608,-0.023567717522382736,0.5166400671005249,0.4228263199329376,-0.03262944519519806,0.5067914724349976,0.34950873255729675,-0.04077728092670441,0.5004834532737732,0.29525890946388245,-0.046430185437202454,0.5047171711921692,0.5814535021781921,-0.026969119906425476,0.4792848229408264,0.49849438667297363,-0.036128923296928406,0.4652300179004669,0.44640761613845825,-0.04076068103313446,0.45466119050979614,0.4003957211971283,-0.04299907386302948,0.0,0.0,0.0,0.0,0.0,0.0,0.0,0.0,0.0,0.0,0.0,0.0,0.0,0.0,0.0,0.0,0.0,0.0,0.0,0.0,0.0,0.0,0.0,0.0,0.0,0.0,0.0,0.0,0.0,0.0,0.0,0.0,0.0,0.0,0.0,0.0,0.0,0.0,0.0,0.0,0.0,0.0,0.0,0.0,0.0,0.0,0.0,0.0,0.0,0.0,0.0,0.0,0.0,0.0,0.0,0.0,0.0,0.0,0.0,0.0,0.0,0.0,0.0,Bye
0.5797873735427856,0.769090473651886,3.849802112654288e-07,0.6303502321243286,0.7012470364570618,0.005875684786587954,0.6584852933883667,0.6271812915802002,0.00553028704598546,0.6775338649749756,0.5499050617218018,0.004216824192553759,0.7022413611412048,0.5063040256500244,0.0018003993900492787,0.6013942956924438,0.5282169580459595,-0.0027767615392804146,0.6092672348022461,0.41680046916007996,-0.00581823056563735,0.6118202805519104,0.35256242752075195,-0.007572378497570753,0.613103985786438,0.30293917655944824,-0.009351430460810661,0.5656459331512451,0.5218135118484497,-0.008878620341420174,0.5611523985862732,0.39193832874298096,-0.01415984332561493,0.5565868020057678,0.3173213601112366,-0.018152479082345963,0.5532177686691284,0.263276606798172,-0.020924927666783333,0.5330853462219238,0.5401828289031982,-0.013482583686709404,0.5186780691146851,0.4182608723640442,-0.01982099562883377,0.5094095468521118,0.34629544615745544,-0.02674746885895729,0.5032964944839478,0.29310616850852966,-0.031479425728321075,0.5057121515274048,0.5756661891937256,-0.01637895405292511,0.4806646704673767,0.49400222301483154,-0.0229189433157444,0.4666566550731659,0.4432121217250824,-0.02628294937312603,0.45654499530792236,0.3974553644657135,-0.02769128419458866,0.0,0.0,0.0,0.0,0.0,0.0,0.0,0.0,0.0,0.0,0.0,0.0,0.0,0.0,0.0,0.0,0.0,0.0,0.0,0.0,0.0,0.0,0.0,0.0,0.0,0.0,0.0,0.0,0.0,0.0,0.0,0.0,0.0,0.0,0.0,0.0,0.0,0.0,0.0,0.0,0.0,0.0,0.0,0.0,0.0,0.0,0.0,0.0,0.0,0.0,0.0,0.0,0.0,0.0,0.0,0.0,0.0,0.0,0.0,0.0,0.0,0.0,0.0,Bye
0.5809052586555481,0.7735052704811096,3.818804827915301e-07,0.631634533405304,0.7059649229049683,0.003749765222892165,0.6587232351303101,0.628328800201416,0.0023104792926460505,0.6777629256248474,0.548969030380249,0.00012147999223088846,0.7036858201026917,0.5062416791915894,-0.0031854615081101656,0.6012011170387268,0.5306574106216431,-0.00599678186699748,0.6104130744934082,0.418740451335907,-0.009639222174882889,0.6132217049598694,0.3543962240219116,-0.011610056273639202,0.61436927318573,0.3047460615634918,-0.013715464621782303,0.5650961399078369,0.5247209072113037,-0.011673817411065102,0.5614966750144958,0.39503780007362366,-0.017528265714645386,0.5572444200515747,0.3209000825881958,-0.021688172593712807,0.5540785789489746,0.26878902316093445,-0.02462945692241192,0.5329944491386414,0.5439792275428772,-0.01590557023882866,0.5187699794769287,0.4212169051170349,-0.022690873593091965,0.509881317615509,0.34826233983039856,-0.029914874583482742,0.5041615962982178,0.29371172189712524,-0.03504757955670357,0.5064516067504883,0.5810354351997375,-0.018629513680934906,0.481424480676651,0.49985271692276,-0.026162028312683105,0.46762460470199585,0.44853296875953674,-0.030305935069918633,0.45786231756210327,0.40227624773979187,-0.032290104776620865,0.0,0.0,0.0,0.0,0.0,0.0,0.0,0.0,0.0,0.0,0.0,0.0,0.0,0.0,0.0,0.0,0.0,0.0,0.0,0.0,0.0,0.0,0.0,0.0,0.0,0.0,0.0,0.0,0.0,0.0,0.0,0.0,0.0,0.0,0.0,0.0,0.0,0.0,0.0,0.0,0.0,0.0,0.0,0.0,0.0,0.0,0.0,0.0,0.0,0.0,0.0,0.0,0.0,0.0,0.0,0.0,0.0,0.0,0.0,0.0,0.0,0.0,0.0,Bye
0.582429826259613,0.779516875743866,3.6804894421038625e-07,0.6333960294723511,0.7108783721923828,0.005890804808586836,0.661063551902771,0.6353100538253784,0.005158331245183945,0.68020099401474,0.5573779940605164,0.0035352548584342003,0.7045077085494995,0.5135641098022461,0.0007526330300606787,0.6029372215270996,0.5371135473251343,-0.0060346233658492565,0.6121081709861755,0.42476600408554077,-0.010000900365412235,0.6149309277534485,0.36054369807243347,-0.011941340751945972,0.6160775423049927,0.3106216490268707,-0.013927054591476917,0.56705242395401,0.5321587324142456,-0.01261978317052126,0.5627383589744568,0.4007473886013031,-0.01930641010403633,0.5582738518714905,0.3262224793434143,-0.023644406348466873,0.5549647212028503,0.27339500188827515,-0.026717426255345345,0.5349032878875732,0.5526674389839172,-0.017460141330957413,0.5193467736244202,0.4287095367908478,-0.025199681520462036,0.5104306936264038,0.3561154901981354,-0.032241180539131165,0.504786491394043,0.30186212062835693,-0.03694067895412445,0.5083010196685791,0.5904015302658081,-0.020481130108237267,0.48238426446914673,0.504176139831543,-0.02875632606446743,0.46854153275489807,0.45114007592201233,-0.032848432660102844,0.4585365951061249,0.40293610095977783,-0.03462272137403488,0.0,0.0,0.0,0.0,0.0,0.0,0.0,0.0,0.0,0.0,0.0,0.0,0.0,0.0,0.0,0.0,0.0,0.0,0.0,0.0,0.0,0.0,0.0,0.0,0.0,0.0,0.0,0.0,0.0,0.0,0.0,0.0,0.0,0.0,0.0,0.0,0.0,0.0,0.0,0.0,0.0,0.0,0.0,0.0,0.0,0.0,0.0,0.0,0.0,0.0,0.0,0.0,0.0,0.0,0.0,0.0,0.0,0.0,0.0,0.0,0.0,0.0,0.0,Bye
0.5878474116325378,0.8000584840774536,3.74523125401538e-07,0.6390088200569153,0.7319043874740601,-0.0022654221393167973,0.6657392978668213,0.6534743309020996,-0.006589388474822044,0.683780312538147,0.5777922868728638,-0.011276493780314922,0.7065949440002441,0.5324372053146362,-0.016882548108696938,0.6043993234634399,0.5512176156044006,-0.011205732822418213,0.6150085926055908,0.4413997530937195,-0.019356202334165573,0.6185727119445801,0.3766879141330719,-0.025262223556637764,0.6196709871292114,0.3247278034687042,-0.030011361464858055,0.5682075023651123,0.5467544794082642,-0.016575908288359642,0.5642322301864624,0.4183486998081207,-0.02528190426528454,0.5604248642921448,0.34339460730552673,-0.031801313161849976,0.5567600727081299,0.2880861163139343,-0.036612167954444885,0.5371397733688354,0.5668852925300598,-0.021465705707669258,0.5225826501846313,0.447262704372406,-0.03104594722390175,0.5147871375083923,0.3747456967830658,-0.03980875015258789,0.508849561214447,0.3184283971786499,-0.04591086506843567,0.5121733546257019,0.6044057607650757,-0.02563752792775631,0.48699384927749634,0.5228579044342041,-0.03642718121409416,0.47261279821395874,0.46874070167541504,-0.04216631501913071,0.46156612038612366,0.4200337529182434,-0.04507068172097206,0.0,0.0,0.0,0.0,0.0,0.0,0.0,0.0,0.0,0.0,0.0,0.0,0.0,0.0,0.0,0.0,0.0,0.0,0.0,0.0,0.0,0.0,0.0,0.0,0.0,0.0,0.0,0.0,0.0,0.0,0.0,0.0,0.0,0.0,0.0,0.0,0.0,0.0,0.0,0.0,0.0,0.0,0.0,0.0,0.0,0.0,0.0,0.0,0.0,0.0,0.0,0.0,0.0,0.0,0.0,0.0,0.0,0.0,0.0,0.0,0.0,0.0,0.0,Bye
0.5980549454689026,0.8254591822624207,3.6735571029566927e-07,0.6489699482917786,0.7573397755622864,-0.005267471540719271,0.6773208379745483,0.6829501986503601,-0.01309533603489399,0.6941889524459839,0.6088195443153381,-0.021341471001505852,0.715248703956604,0.561528742313385,-0.030604207888245583,0.6159018278121948,0.5780919194221497,-0.016149530187249184,0.6247743368148804,0.4684407413005829,-0.027858782559633255,0.6279633641242981,0.40307289361953735,-0.03642653673887253,0.6291229724884033,0.35059985518455505,-0.042887717485427856,0.5795283913612366,0.5720789432525635,-0.021839730441570282,0.5743343234062195,0.4466398358345032,-0.03321295231580734,0.5704009532928467,0.371324360370636,-0.04171539843082428,0.5669835209846497,0.31473639607429504,-0.04812915250658989,0.5467654466629028,0.5913926362991333,-0.027343103662133217,0.5307170152664185,0.47385430335998535,-0.03924720361828804,0.5234077572822571,0.40123888850212097,-0.049344055354595184,0.5188010334968567,0.3447403311729431,-0.05650796741247177,0.5195382833480835,0.6280900239944458,-0.03237593546509743,0.4953613579273224,0.5481170415878296,-0.045350082218647,0.4809684753417969,0.49428534507751465,-0.052217330783605576,0.470037579536438,0.4473995268344879,-0.05595157667994499,0.0,0.0,0.0,0.0,0.0,0.0,0.0,0.0,0.0,0.0,0.0,0.0,0.0,0.0,0.0,0.0,0.0,0.0,0.0,0.0,0.0,0.0,0.0,0.0,0.0,0.0,0.0,0.0,0.0,0.0,0.0,0.0,0.0,0.0,0.0,0.0,0.0,0.0,0.0,0.0,0.0,0.0,0.0,0.0,0.0,0.0,0.0,0.0,0.0,0.0,0.0,0.0,0.0,0.0,0.0,0.0,0.0,0.0,0.0,0.0,0.0,0.0,0.0,Bye
0.602595329284668,0.8432672023773193,4.187761533103185e-07,0.6528403162956238,0.7744046449661255,-0.004053865559399128,0.6819402575492859,0.6970479488372803,-0.011584283784031868,0.701790988445282,0.6219004988670349,-0.019396888092160225,0.7263402938842773,0.5773769021034241,-0.028473054990172386,0.6223950982093811,0.5978564620018005,-0.017809918150305748,0.6331291794776917,0.4863555431365967,-0.028870487585663795,0.637650728225708,0.4196619391441345,-0.036668889224529266,0.6391845941543579,0.366275817155838,-0.04246724769473076,0.5863420367240906,0.5913169384002686,-0.023412493988871574,0.5861051082611084,0.4609534740447998,-0.03400960564613342,0.5840649008750916,0.38142600655555725,-0.041463453322649,0.5809451341629028,0.3245584964752197,-0.04689730331301689,0.5535359978675842,0.6094419360160828,-0.028399642556905746,0.5388129949569702,0.48495158553123474,-0.03913929685950279,0.5331467390060425,0.40924906730651855,-0.048684798181056976,0.529946506023407,0.3530091941356659,-0.055310655385255814,0.5259369015693665,0.6450272798538208,-0.03272136673331261,0.5017520785331726,0.559295117855072,-0.044421181082725525,0.4886336028575897,0.5028631687164307,-0.05074504390358925,0.47957658767700195,0.4559064209461212,-0.0540071539580822,0.0,0.0,0.0,0.0,0.0,0.0,0.0,0.0,0.0,0.0,0.0,0.0,0.0,0.0,0.0,0.0,0.0,0.0,0.0,0.0,0.0,0.0,0.0,0.0,0.0,0.0,0.0,0.0,0.0,0.0,0.0,0.0,0.0,0.0,0.0,0.0,0.0,0.0,0.0,0.0,0.0,0.0,0.0,0.0,0.0,0.0,0.0,0.0,0.0,0.0,0.0,0.0,0.0,0.0,0.0,0.0,0.0,0.0,0.0,0.0,0.0,0.0,0.0,Bye
0.6001676321029663,0.8412038087844849,4.100277521956741e-07,0.6503838896751404,0.7714990973472595,0.0037867864593863487,0.6791832447052002,0.6969487071037292,0.001091056619770825,0.7006924152374268,0.6196519732475281,-0.0024125969503074884,0.7266114354133606,0.5755817294120789,-0.007274304516613483,0.6217361688613892,0.5988588333129883,-0.00857976358383894,0.6327399015426636,0.4861980676651001,-0.013521450571715832,0.6364919543266296,0.4214326739311218,-0.016198743134737015,0.6385917663574219,0.3717305064201355,-0.018678708001971245,0.5866267085075378,0.593173623085022,-0.014972398988902569,0.5847863554954529,0.4605526328086853,-0.02210635133087635,0.581843376159668,0.38212892413139343,-0.026890641078352928,0.5798678398132324,0.3267230987548828,-0.03033619560301304,0.5550023317337036,0.6126183867454529,-0.01991332322359085,0.5395543575286865,0.48602133989334106,-0.028022632002830505,0.5321996808052063,0.4111838638782501,-0.03619741275906563,0.5283235907554626,0.3552432060241699,-0.04187628999352455,0.5285564661026001,0.6486223936080933,-0.02323073521256447,0.5025713443756104,0.5624898076057434,-0.03248748555779457,0.48898231983184814,0.5083764791488647,-0.037778645753860474,0.47995254397392273,0.4595211446285248,-0.040469393134117126,0.0,0.0,0.0,0.0,0.0,0.0,0.0,0.0,0.0,0.0,0.0,0.0,0.0,0.0,0.0,0.0,0.0,0.0,0.0,0.0,0.0,0.0,0.0,0.0,0.0,0.0,0.0,0.0,0.0,0.0,0.0,0.0,0.0,0.0,0.0,0.0,0.0,0.0,0.0,0.0,0.0,0.0,0.0,0.0,0.0,0.0,0.0,0.0,0.0,0.0,0.0,0.0,0.0,0.0,0.0,0.0,0.0,0.0,0.0,0.0,0.0,0.0,0.0,Bye
0.6020241379737854,0.8425521850585938,3.8899102605682856e-07,0.6525720953941345,0.774025559425354,0.001946205971762538,0.680906355381012,0.6990785002708435,-0.00153734115883708,0.7017974257469177,0.6240912675857544,-0.005771675147116184,0.7272735238075256,0.5820385217666626,-0.011367366649210453,0.6223239898681641,0.6010586619377136,-0.010674471966922283,0.633134663105011,0.4904266595840454,-0.01698395609855652,0.636855959892273,0.4265819489955902,-0.020888227969408035,0.6389352083206177,0.3765798807144165,-0.024248983711004257,0.587161123752594,0.5976466536521912,-0.016961868852376938,0.5856072306632996,0.46748578548431396,-0.02516109310090542,0.5830067992210388,0.39074546098709106,-0.03090624138712883,0.5808975696563721,0.3367531895637512,-0.035175871104002,0.5561485290527344,0.6183695197105408,-0.021959837526082993,0.5412942171096802,0.494636595249176,-0.03103439137339592,0.5343359112739563,0.4201989471912384,-0.03950696811079979,0.5301613211631775,0.3643569052219391,-0.045427218079566956,0.5304022431373596,0.6553053259849548,-0.025574104860424995,0.5045710206031799,0.5691993832588196,-0.03584274649620056,0.4913596212863922,0.5149804353713989,-0.04142845794558525,0.48232123255729675,0.46675002574920654,-0.04433930292725563,0.0,0.0,0.0,0.0,0.0,0.0,0.0,0.0,0.0,0.0,0.0,0.0,0.0,0.0,0.0,0.0,0.0,0.0,0.0,0.0,0.0,0.0,0.0,0.0,0.0,0.0,0.0,0.0,0.0,0.0,0.0,0.0,0.0,0.0,0.0,0.0,0.0,0.0,0.0,0.0,0.0,0.0,0.0,0.0,0.0,0.0,0.0,0.0,0.0,0.0,0.0,0.0,0.0,0.0,0.0,0.0,0.0,0.0,0.0,0.0,0.0,0.0,0.0,Bye
0.6031237244606018,0.8462059497833252,4.156334796334704e-07,0.6532621383666992,0.7812932133674622,-0.0019562598317861557,0.6837135553359985,0.7074205875396729,-0.007230145391076803,0.7056965827941895,0.632066547870636,-0.012972833588719368,0.7318695187568665,0.5896183252334595,-0.019929416477680206,0.6250893473625183,0.6067036986351013,-0.011284478940069675,0.6362484097480774,0.4977405369281769,-0.01900585927069187,0.641281008720398,0.4338216185569763,-0.02485661953687668,0.644196093082428,0.38341525197029114,-0.029465390369296074,0.5899881720542908,0.6007934212684631,-0.016361847519874573,0.5891597867012024,0.47260913252830505,-0.02379360795021057,0.5870353579521179,0.3959542214870453,-0.030084270983934402,0.5847935676574707,0.34117570519447327,-0.03498086705803871,0.5584280490875244,0.6188839673995972,-0.02087506279349327,0.5442719459533691,0.49750110507011414,-0.029181307181715965,0.5382053256034851,0.4250473082065582,-0.038359738886356354,0.5346574187278748,0.370951771736145,-0.04514181241393089,0.5319887399673462,0.6530677080154419,-0.024602698162198067,0.5089160203933716,0.5707388520240784,-0.034543514251708984,0.49596360325813293,0.5177136659622192,-0.04059721156954765,0.48697736859321594,0.47097525000572205,-0.04404090344905853,0.0,0.0,0.0,0.0,0.0,0.0,0.0,0.0,0.0,0.0,0.0,0.0,0.0,0.0,0.0,0.0,0.0,0.0,0.0,0.0,0.0,0.0,0.0,0.0,0.0,0.0,0.0,0.0,0.0,0.0,0.0,0.0,0.0,0.0,0.0,0.0,0.0,0.0,0.0,0.0,0.0,0.0,0.0,0.0,0.0,0.0,0.0,0.0,0.0,0.0,0.0,0.0,0.0,0.0,0.0,0.0,0.0,0.0,0.0,0.0,0.0,0.0,0.0,Bye
0.6020835638046265,0.8445784449577332,4.223825271765236e-07,0.6537303328514099,0.7791930437088013,0.002387490589171648,0.6837239861488342,0.7078502774238586,-0.0011688010999932885,0.7057637572288513,0.6324907541275024,-0.005196267273277044,0.7316436767578125,0.5890446305274963,-0.010362845845520496,0.6270886063575745,0.609159529209137,-0.010474852286279202,0.638816773891449,0.4965624511241913,-0.015709396451711655,0.6425988078117371,0.4320237338542938,-0.018252650275826454,0.6450014710426331,0.3825330436229706,-0.02044079825282097,0.5912547707557678,0.6035717129707336,-0.015828698873519897,0.5910050272941589,0.4731094241142273,-0.023453284054994583,0.588823139667511,0.3964725732803345,-0.028103511780500412,0.5870625972747803,0.3418457508087158,-0.03129159286618233,0.5592600107192993,0.6222126483917236,-0.019656086340546608,0.5456444621086121,0.4999091625213623,-0.02744354121387005,0.5387487411499023,0.42720919847488403,-0.0345434732735157,0.5348610281944275,0.37333816289901733,-0.03943392634391785,0.5328530073165894,0.6561558842658997,-0.022047312930226326,0.5098130702972412,0.5720704197883606,-0.030230620875954628,0.4979131817817688,0.518571138381958,-0.03444664925336838,0.4900296926498413,0.47077223658561707,-0.03639380633831024,0.0,0.0,0.0,0.0,0.0,0.0,0.0,0.0,0.0,0.0,0.0,0.0,0.0,0.0,0.0,0.0,0.0,0.0,0.0,0.0,0.0,0.0,0.0,0.0,0.0,0.0,0.0,0.0,0.0,0.0,0.0,0.0,0.0,0.0,0.0,0.0,0.0,0.0,0.0,0.0,0.0,0.0,0.0,0.0,0.0,0.0,0.0,0.0,0.0,0.0,0.0,0.0,0.0,0.0,0.0,0.0,0.0,0.0,0.0,0.0,0.0,0.0,0.0,Bye
0.6022878885269165,0.843359649181366,4.2858096094278153e-07,0.6543295979499817,0.7794204354286194,0.0016424861969426274,0.6836358308792114,0.7064993381500244,-0.0025321978610008955,0.7050085663795471,0.6298587322235107,-0.006875621620565653,0.7325778603553772,0.5872088074684143,-0.012263705022633076,0.6278921365737915,0.6082180738449097,-0.01189457718282938,0.6385459899902344,0.49401506781578064,-0.016374431550502777,0.6419613361358643,0.43007540702819824,-0.01809949427843094,0.6437530517578125,0.381874680519104,-0.019743196666240692,0.5917019844055176,0.6026714444160461,-0.016728902235627174,0.5918362140655518,0.4706956744194031,-0.02312878891825676,0.5897505879402161,0.3947906196117401,-0.026554690673947334,0.5876002311706543,0.3420553505420685,-0.02889554761350155,0.5591018199920654,0.6203881502151489,-0.02004253678023815,0.5457310080528259,0.4976317882537842,-0.02653045952320099,0.539401650428772,0.424699068069458,-0.032985955476760864,0.5358955264091492,0.37062373757362366,-0.03774789720773697,0.5321396589279175,0.6527803540229797,-0.021992772817611694,0.5096188187599182,0.5685718655586243,-0.029090657830238342,0.4979996383190155,0.5157411098480225,-0.03281025588512421,0.49079659581184387,0.4685952365398407,-0.03462658077478409,0.0,0.0,0.0,0.0,0.0,0.0,0.0,0.0,0.0,0.0,0.0,0.0,0.0,0.0,0.0,0.0,0.0,0.0,0.0,0.0,0.0,0.0,0.0,0.0,0.0,0.0,0.0,0.0,0.0,0.0,0.0,0.0,0.0,0.0,0.0,0.0,0.0,0.0,0.0,0.0,0.0,0.0,0.0,0.0,0.0,0.0,0.0,0.0,0.0,0.0,0.0,0.0,0.0,0.0,0.0,0.0,0.0,0.0,0.0,0.0,0.0,0.0,0.0,Bye
0.6010070443153381,0.8421708941459656,4.308633663185901e-07,0.653347373008728,0.778118908405304,0.0025769176427274942,0.6823806166648865,0.7060583829879761,-0.0003780465049203485,0.7039605975151062,0.6291807889938354,-0.0033603617921471596,0.7312411665916443,0.5862439274787903,-0.0071436744183301926,0.6258513331413269,0.6081920266151428,-0.009185791946947575,0.6370910406112671,0.4923180639743805,-0.012268840335309505,0.6407935619354248,0.4276847243309021,-0.013082792982459068,0.6427433490753174,0.3795551359653473,-0.014030855149030685,0.5897341370582581,0.6018736958503723,-0.013346107676625252,0.5905166268348694,0.4692414104938507,-0.01874507963657379,0.5883499979972839,0.39444097876548767,-0.02144576422870159,0.5861924886703491,0.3427972197532654,-0.023033052682876587,0.5571275353431702,0.6186321377754211,-0.015906505286693573,0.5444793105125427,0.496326208114624,-0.021175267174839973,0.538237988948822,0.4240686297416687,-0.026624813675880432,0.5348260998725891,0.37008577585220337,-0.03059200569987297,0.5304255485534668,0.6502273678779602,-0.017065931111574173,0.5089030861854553,0.5675287842750549,-0.022425159811973572,0.49760669469833374,0.5157530903816223,-0.024897482246160507,0.4907543361186981,0.46921423077583313,-0.025784192606806755,0.0,0.0,0.0,0.0,0.0,0.0,0.0,0.0,0.0,0.0,0.0,0.0,0.0,0.0,0.0,0.0,0.0,0.0,0.0,0.0,0.0,0.0,0.0,0.0,0.0,0.0,0.0,0.0,0.0,0.0,0.0,0.0,0.0,0.0,0.0,0.0,0.0,0.0,0.0,0.0,0.0,0.0,0.0,0.0,0.0,0.0,0.0,0.0,0.0,0.0,0.0,0.0,0.0,0.0,0.0,0.0,0.0,0.0,0.0,0.0,0.0,0.0,0.0,Bye
0.600875198841095,0.8451228141784668,4.177848325070954e-07,0.652761697769165,0.7794854640960693,0.0034501005429774523,0.6816388368606567,0.7070063948631287,0.0016513217706233263,0.7032526135444641,0.6296116709709167,-0.0004721182631328702,0.7303803563117981,0.5877155065536499,-0.0033381148241460323,0.6245682835578918,0.6085989475250244,-0.004697813186794519,0.6357936263084412,0.4970744848251343,-0.0068392520770430565,0.6401320099830627,0.4338499903678894,-0.00826854258775711,0.6427848935127258,0.38430994749069214,-0.010102842934429646,0.588364839553833,0.6023200750350952,-0.009031852707266808,0.5891472697257996,0.4741436839103699,-0.013553470373153687,0.5874558687210083,0.4007664918899536,-0.01721605286002159,0.5856580138206482,0.3480064868927002,-0.019993750378489494,0.5559643507003784,0.6202356219291687,-0.011900936253368855,0.5435605645179749,0.501941978931427,-0.017042292281985283,0.5377893447875977,0.4297748804092407,-0.023202553391456604,0.5345792770385742,0.3748730719089508,-0.027879614382982254,0.530540406703949,0.6528591513633728,-0.013375725597143173,0.5086137056350708,0.5709719657897949,-0.01913241669535637,0.49708983302116394,0.5197413563728333,-0.02219661884009838,0.4893012046813965,0.47284919023513794,-0.023684941232204437,0.0,0.0,0.0,0.0,0.0,0.0,0.0,0.0,0.0,0.0,0.0,0.0,0.0,0.0,0.0,0.0,0.0,0.0,0.0,0.0,0.0,0.0,0.0,0.0,0.0,0.0,0.0,0.0,0.0,0.0,0.0,0.0,0.0,0.0,0.0,0.0,0.0,0.0,0.0,0.0,0.0,0.0,0.0,0.0,0.0,0.0,0.0,0.0,0.0,0.0,0.0,0.0,0.0,0.0,0.0,0.0,0.0,0.0,0.0,0.0,0.0,0.0,0.0,Bye
0.6028978824615479,0.850716233253479,4.200231842332869e-07,0.6542507410049438,0.7855439186096191,0.0007971439626999199,0.682879626750946,0.7113997936248779,-0.002767970785498619,0.7043223977088928,0.6351235508918762,-0.006611745338886976,0.7307636737823486,0.592042088508606,-0.011335921473801136,0.6257871985435486,0.6100126504898071,-0.008548171259462833,0.63665771484375,0.4986037611961365,-0.01301589421927929,0.639823853969574,0.43451210856437683,-0.015876252204179764,0.6409887671470642,0.38464781641960144,-0.018537195399403572,0.5891774296760559,0.6034968495368958,-0.013123453594744205,0.5898405909538269,0.4767920672893524,-0.018364377319812775,0.5878896713256836,0.40352389216423035,-0.022106442600488663,0.5857796669006348,0.3512611389160156,-0.02500533126294613,0.5565280318260193,0.6212406754493713,-0.016641991212964058,0.5445200204849243,0.5031073093414307,-0.02226898819208145,0.5385903120040894,0.4321053922176361,-0.028818022459745407,0.5350480675697327,0.3783263564109802,-0.033964503556489944,0.5301119089126587,0.6545587778091431,-0.019133538007736206,0.5091694593429565,0.5750446915626526,-0.025808846578001976,0.49794715642929077,0.524042546749115,-0.02947554551064968,0.49054428935050964,0.47808462381362915,-0.03136578947305679,0.0,0.0,0.0,0.0,0.0,0.0,0.0,0.0,0.0,0.0,0.0,0.0,0.0,0.0,0.0,0.0,0.0,0.0,0.0,0.0,0.0,0.0,0.0,0.0,0.0,0.0,0.0,0.0,0.0,0.0,0.0,0.0,0.0,0.0,0.0,0.0,0.0,0.0,0.0,0.0,0.0,0.0,0.0,0.0,0.0,0.0,0.0,0.0,0.0,0.0,0.0,0.0,0.0,0.0,0.0,0.0,0.0,0.0,0.0,0.0,0.0,0.0,0.0,Bye
0.604647696018219,0.8584367036819458,3.9927979855747253e-07,0.6563355922698975,0.7934281826019287,-0.0013595182681456208,0.6859027147293091,0.7180426120758057,-0.006169156637042761,0.7070685625076294,0.6412762403488159,-0.011073913425207138,0.7337206602096558,0.5992144346237183,-0.016908947378396988,0.6277499198913574,0.6180011034011841,-0.011778347194194794,0.6378360986709595,0.5065062046051025,-0.01772475056350231,0.6420121788978577,0.44268903136253357,-0.021807529032230377,0.6441192626953125,0.39266860485076904,-0.025312010198831558,0.5908300280570984,0.6134810447692871,-0.015989338979125023,0.5892876386642456,0.48601236939430237,-0.021810922771692276,0.5873774886131287,0.412796288728714,-0.025872070342302322,0.5854150056838989,0.3612823188304901,-0.029172221198678017,0.5588105320930481,0.6323592066764832,-0.019376220181584358,0.5454068183898926,0.5124871730804443,-0.025933727622032166,0.5393775701522827,0.44029876589775085,-0.03301580250263214,0.5354962348937988,0.38559263944625854,-0.03852070868015289,0.5335801839828491,0.666211724281311,-0.02193494327366352,0.5113567113876343,0.5830183029174805,-0.030121874064207077,0.499141663312912,0.5308848023414612,-0.03467724844813347,0.4907952845096588,0.4853081703186035,-0.037098851054906845,0.0,0.0,0.0,0.0,0.0,0.0,0.0,0.0,0.0,0.0,0.0,0.0,0.0,0.0,0.0,0.0,0.0,0.0,0.0,0.0,0.0,0.0,0.0,0.0,0.0,0.0,0.0,0.0,0.0,0.0,0.0,0.0,0.0,0.0,0.0,0.0,0.0,0.0,0.0,0.0,0.0,0.0,0.0,0.0,0.0,0.0,0.0,0.0,0.0,0.0,0.0,0.0,0.0,0.0,0.0,0.0,0.0,0.0,0.0,0.0,0.0,0.0,0.0,Bye
0.6096227765083313,0.8714246153831482,3.874011724747106e-07,0.661748468875885,0.8076850175857544,-0.0028469415847212076,0.6906487345695496,0.7306065559387207,-0.007809614762663841,0.7104076147079468,0.654699444770813,-0.013160275295376778,0.7361326217651367,0.6143249273300171,-0.019327254965901375,0.6314721703529358,0.6291978359222412,-0.01069711148738861,0.6404205560684204,0.5209388136863708,-0.017649715766310692,0.6443405747413635,0.45734888315200806,-0.022753959521651268,0.645972728729248,0.4075298011302948,-0.026869218796491623,0.5942031741142273,0.6242811679840088,-0.015039846301078796,0.5907389521598816,0.49944713711738586,-0.021638482809066772,0.5877646207809448,0.4273782968521118,-0.026009464636445045,0.5849868059158325,0.37688905000686646,-0.02920752763748169,0.5618407726287842,0.6417659521102905,-0.019039211794734,0.5475867390632629,0.5242810845375061,-0.026268010959029198,0.5412861108779907,0.45369771122932434,-0.033146679401397705,0.5370988249778748,0.40035122632980347,-0.03810087963938713,0.5360192060470581,0.674453616142273,-0.022565770894289017,0.5140562653541565,0.5918009877204895,-0.030668150633573532,0.5018969178199768,0.5407254099845886,-0.03453740477561951,0.49363505840301514,0.4981498718261719,-0.036256689578294754,0.0,0.0,0.0,0.0,0.0,0.0,0.0,0.0,0.0,0.0,0.0,0.0,0.0,0.0,0.0,0.0,0.0,0.0,0.0,0.0,0.0,0.0,0.0,0.0,0.0,0.0,0.0,0.0,0.0,0.0,0.0,0.0,0.0,0.0,0.0,0.0,0.0,0.0,0.0,0.0,0.0,0.0,0.0,0.0,0.0,0.0,0.0,0.0,0.0,0.0,0.0,0.0,0.0,0.0,0.0,0.0,0.0,0.0,0.0,0.0,0.0,0.0,0.0,Bye
0.6183182597160339,0.8880583047866821,3.980160840910685e-07,0.6703183054924011,0.8261757493019104,-0.0056473310105502605,0.6989301443099976,0.7521792054176331,-0.012441055849194527,0.7166298031806946,0.6757623553276062,-0.01908598653972149,0.7403069734573364,0.6294963359832764,-0.02628132700920105,0.6366949677467346,0.6483029127120972,-0.012700773775577545,0.6448652148246765,0.5400189161300659,-0.021017080172896385,0.6486445069313049,0.4756625294685364,-0.027264056727290154,0.6502307653427124,0.42481064796447754,-0.03193925693631172,0.5995604991912842,0.643778383731842,-0.01579434983432293,0.5956295728683472,0.5177154541015625,-0.023330314084887505,0.5929644107818604,0.44413137435913086,-0.028511354699730873,0.5905027985572815,0.39086925983428955,-0.03217651695013046,0.5674646496772766,0.6610217690467834,-0.01886291615664959,0.5523728132247925,0.5443503856658936,-0.027051251381635666,0.5461004376411438,0.4724162518978119,-0.03471483290195465,0.5418899059295654,0.4182767868041992,-0.03997363895177841,0.5423459410667419,0.6921500563621521,-0.021677859127521515,0.5203439593315125,0.6102472543716431,-0.030673105269670486,0.5074660181999207,0.557383120059967,-0.03533738851547241,0.4980913996696472,0.5138547420501709,-0.037429314106702805,0.0,0.0,0.0,0.0,0.0,0.0,0.0,0.0,0.0,0.0,0.0,0.0,0.0,0.0,0.0,0.0,0.0,0.0,0.0,0.0,0.0,0.0,0.0,0.0,0.0,0.0,0.0,0.0,0.0,0.0,0.0,0.0,0.0,0.0,0.0,0.0,0.0,0.0,0.0,0.0,0.0,0.0,0.0,0.0,0.0,0.0,0.0,0.0,0.0,0.0,0.0,0.0,0.0,0.0,0.0,0.0,0.0,0.0,0.0,0.0,0.0,0.0,0.0,Bye
0.6275964975357056,0.9034215211868286,3.809700217516365e-07,0.6788108944892883,0.8407215476036072,-0.0037538267206400633,0.7070447206497192,0.7660558223724365,-0.010016116313636303,0.7253174185752869,0.6923664212226868,-0.01709013245999813,0.7495859265327454,0.6494764089584351,-0.025058452039957047,0.6477692127227783,0.6596643924713135,-0.009805327281355858,0.6551500558853149,0.5545830726623535,-0.0189022496342659,0.6586770415306091,0.4917982816696167,-0.02641363814473152,0.6594811081886292,0.44173532724380493,-0.032037682831287384,0.6118106842041016,0.6536083221435547,-0.015010129660367966,0.6072443127632141,0.5322312116622925,-0.02292194776237011,0.6033331155776978,0.45928895473480225,-0.029182730242609978,0.5989944338798523,0.40739208459854126,-0.033751364797353745,0.5789129137992859,0.670447051525116,-0.02031499706208706,0.563417911529541,0.5563332438468933,-0.02863939478993416,0.5564243793487549,0.4847010672092438,-0.03672647848725319,0.5516804456710815,0.4312036633491516,-0.04242940619587898,0.551179051399231,0.7033805847167969,-0.02533898502588272,0.5285263061523438,0.6237948536872864,-0.03396838158369064,0.516389012336731,0.5717552900314331,-0.03821708261966705,0.5079299807548523,0.5298064351081848,-0.04020313918590546,0.0,0.0,0.0,0.0,0.0,0.0,0.0,0.0,0.0,0.0,0.0,0.0,0.0,0.0,0.0,0.0,0.0,0.0,0.0,0.0,0.0,0.0,0.0,0.0,0.0,0.0,0.0,0.0,0.0,0.0,0.0,0.0,0.0,0.0,0.0,0.0,0.0,0.0,0.0,0.0,0.0,0.0,0.0,0.0,0.0,0.0,0.0,0.0,0.0,0.0,0.0,0.0,0.0,0.0,0.0,0.0,0.0,0.0,0.0,0.0,0.0,0.0,0.0,Bye
0.6347309350967407,0.9025483727455139,4.116277239063493e-07,0.6852773427963257,0.836622416973114,0.001903151161968708,0.7140888571739197,0.7636917233467102,-0.0012152120471000671,0.7330991625785828,0.6902012228965759,-0.005773680284619331,0.7567378282546997,0.6475123167037964,-0.011553107760846615,0.6565995812416077,0.6602143049240112,-0.0038589800242334604,0.665416419506073,0.5512031316757202,-0.009840046055614948,0.6684046387672424,0.4866447150707245,-0.014695591293275356,0.6692440509796143,0.4362238049507141,-0.01852590963244438,0.6209022998809814,0.6548360586166382,-0.010316277854144573,0.6178541779518127,0.531261682510376,-0.01573328487575054,0.6139413118362427,0.4570493996143341,-0.0207268837839365,0.6101097464561462,0.4046587646007538,-0.02454347535967827,0.5879030823707581,0.6725872159004211,-0.016310662031173706,0.5718130469322205,0.5553554892539978,-0.022042779251933098,0.5648831725120544,0.48331311345100403,-0.02919924445450306,0.5612379908561707,0.4293263852596283,-0.03471958637237549,0.5591245293617249,0.7065683007240295,-0.021485142409801483,0.5364304184913635,0.6260347962379456,-0.027965031564235687,0.525283694267273,0.5729317665100098,-0.03150917589664459,0.5191740989685059,0.5274975299835205,-0.03333476185798645,0.0,0.0,0.0,0.0,0.0,0.0,0.0,0.0,0.0,0.0,0.0,0.0,0.0,0.0,0.0,0.0,0.0,0.0,0.0,0.0,0.0,0.0,0.0,0.0,0.0,0.0,0.0,0.0,0.0,0.0,0.0,0.0,0.0,0.0,0.0,0.0,0.0,0.0,0.0,0.0,0.0,0.0,0.0,0.0,0.0,0.0,0.0,0.0,0.0,0.0,0.0,0.0,0.0,0.0,0.0,0.0,0.0,0.0,0.0,0.0,0.0,0.0,0.0,Bye
0.6321723461151123,0.8861967921257019,4.331929801537626e-07,0.6834582090377808,0.8242535591125488,0.0051109823398292065,0.712307333946228,0.7525738477706909,0.004073967691510916,0.7322810888290405,0.6787406206130981,0.0022845310159027576,0.757961094379425,0.6374074220657349,-0.00023078896629158407,0.6573062539100647,0.6496682167053223,-6.275470514083281e-05,0.6664054989814758,0.5374832153320312,-0.0002726443053688854,0.6692104339599609,0.4756753742694855,-0.00026450518635101616,0.6703974604606628,0.42960846424102783,-0.0007294653332792222,0.6215975880622864,0.6434584856033325,-0.004795487970113754,0.6193169951438904,0.5149620175361633,-0.006212881300598383,0.6154271960258484,0.4428246319293976,-0.007920659147202969,0.6119670271873474,0.39347490668296814,-0.009207900613546371,0.5885758399963379,0.659576952457428,-0.008313097059726715,0.5749431252479553,0.5397300124168396,-0.01035514660179615,0.5685393214225769,0.4704669713973999,-0.015208352357149124,0.5650727152824402,0.42080995440483093,-0.01901402324438095,0.5605204701423645,0.6893938779830933,-0.010443704202771187,0.5380222797393799,0.6068764328956604,-0.012480906210839748,0.5273663401603699,0.5572136640548706,-0.013427077792584896,0.5219117403030396,0.5144473314285278,-0.01358504593372345,0.0,0.0,0.0,0.0,0.0,0.0,0.0,0.0,0.0,0.0,0.0,0.0,0.0,0.0,0.0,0.0,0.0,0.0,0.0,0.0,0.0,0.0,0.0,0.0,0.0,0.0,0.0,0.0,0.0,0.0,0.0,0.0,0.0,0.0,0.0,0.0,0.0,0.0,0.0,0.0,0.0,0.0,0.0,0.0,0.0,0.0,0.0,0.0,0.0,0.0,0.0,0.0,0.0,0.0,0.0,0.0,0.0,0.0,0.0,0.0,0.0,0.0,0.0,Bye
0.6259725093841553,0.8853771090507507,3.9651288830100384e-07,0.6775797009468079,0.8228545188903809,0.0009961354080587626,0.70598304271698,0.748366117477417,-0.0017565792659297585,0.7258478403091431,0.674391508102417,-0.005406779702752829,0.7517542243003845,0.632756769657135,-0.00990842655301094,0.649963915348053,0.6469424366950989,-0.0026377583853900433,0.6585530638694763,0.5368346571922302,-0.005807601381093264,0.6624293327331543,0.47522932291030884,-0.009096269495785236,0.6641202569007874,0.4277667701244354,-0.012037127278745174,0.6142117381095886,0.6417262554168701,-0.006957648787647486,0.61323082447052,0.5204548835754395,-0.009181499481201172,0.610463559627533,0.4513285458087921,-0.012789948843419552,0.6071563363075256,0.4033504128456116,-0.016032380983233452,0.5812361240386963,0.6568809151649475,-0.010743819177150726,0.5682427287101746,0.5422115921974182,-0.013306181877851486,0.5625146627426147,0.47395849227905273,-0.018946737051010132,0.5590628385543823,0.4223857820034027,-0.024031417444348335,0.5535845756530762,0.6861067414283752,-0.01381372194737196,0.5329298377037048,0.6073640584945679,-0.017011571675539017,0.5237424969673157,0.5576304197311401,-0.018622903153300285,0.5196530818939209,0.515824556350708,-0.019545933231711388,0.0,0.0,0.0,0.0,0.0,0.0,0.0,0.0,0.0,0.0,0.0,0.0,0.0,0.0,0.0,0.0,0.0,0.0,0.0,0.0,0.0,0.0,0.0,0.0,0.0,0.0,0.0,0.0,0.0,0.0,0.0,0.0,0.0,0.0,0.0,0.0,0.0,0.0,0.0,0.0,0.0,0.0,0.0,0.0,0.0,0.0,0.0,0.0,0.0,0.0,0.0,0.0,0.0,0.0,0.0,0.0,0.0,0.0,0.0,0.0,0.0,0.0,0.0,Bye
0.6210703253746033,0.8879446387290955,4.152697385961801e-07,0.6730149388313293,0.8268702030181885,0.0018505525076761842,0.7012776136398315,0.7537053227424622,-0.0005141674191690981,0.720464289188385,0.6759374737739563,-0.0036187050864100456,0.7469895482063293,0.6326904296875,-0.007701575756072998,0.6448084712028503,0.6533562541007996,-0.0023690860252827406,0.6514996290206909,0.5422201752662659,-0.0049807424657046795,0.6538313627243042,0.47920823097229004,-0.0073966532945632935,0.6549714803695679,0.4313049018383026,-0.009549366310238838,0.6091045141220093,0.6487706899642944,-0.006566626485437155,0.6067830920219421,0.5236536264419556,-0.008488702587783337,0.6024392247200012,0.4525550305843353,-0.011323315091431141,0.5986026525497437,0.4039026200771332,-0.013681349344551563,0.575687825679779,0.6663236618041992,-0.009989026002585888,0.5608123540878296,0.5498640537261963,-0.012970240786671638,0.5527638792991638,0.48133572936058044,-0.017899710685014725,0.547697126865387,0.4306195080280304,-0.021998591721057892,0.5475263595581055,0.6992605328559875,-0.01242158655077219,0.5268216729164124,0.6180665493011475,-0.016239214688539505,0.5169423222541809,0.5675070285797119,-0.017518484964966774,0.5115532279014587,0.5237194299697876,-0.017810039222240448,0.0,0.0,0.0,0.0,0.0,0.0,0.0,0.0,0.0,0.0,0.0,0.0,0.0,0.0,0.0,0.0,0.0,0.0,0.0,0.0,0.0,0.0,0.0,0.0,0.0,0.0,0.0,0.0,0.0,0.0,0.0,0.0,0.0,0.0,0.0,0.0,0.0,0.0,0.0,0.0,0.0,0.0,0.0,0.0,0.0,0.0,0.0,0.0,0.0,0.0,0.0,0.0,0.0,0.0,0.0,0.0,0.0,0.0,0.0,0.0,0.0,0.0,0.0,Bye
0.6194440722465515,0.8972064852714539,4.268424049769237e-07,0.6730378866195679,0.8368667364120483,0.0015143223572522402,0.7013433575630188,0.7643096446990967,-0.0003658021742012352,0.720674455165863,0.684797465801239,-0.002425034064799547,0.747401237487793,0.6420727968215942,-0.00485281040892005,0.6438336968421936,0.6603648662567139,-0.003042953321710229,0.6518906950950623,0.5451444387435913,-0.004318663850426674,0.6541801691055298,0.4803440570831299,-0.005020371172577143,0.6548694372177124,0.4320653975009918,-0.005895800422877073,0.6068487763404846,0.6545715928077698,-0.006143076345324516,0.6037581562995911,0.5258572101593018,-0.00839927326887846,0.5993534326553345,0.4540107250213623,-0.010115699842572212,0.5954961180686951,0.4049960970878601,-0.011013536714017391,0.5736330151557922,0.6716141104698181,-0.008201302029192448,0.5591002106666565,0.5551915168762207,-0.010612137615680695,0.5529495477676392,0.4859738051891327,-0.014198092743754387,0.5495603084564209,0.43499472737312317,-0.016829654574394226,0.5470520853996277,0.7043150067329407,-0.009353476576507092,0.5250635743141174,0.6230671405792236,-0.011901229619979858,0.5146141648292542,0.5728858709335327,-0.01220298558473587,0.5085409283638,0.5299853086471558,-0.011389191262423992,0.0,0.0,0.0,0.0,0.0,0.0,0.0,0.0,0.0,0.0,0.0,0.0,0.0,0.0,0.0,0.0,0.0,0.0,0.0,0.0,0.0,0.0,0.0,0.0,0.0,0.0,0.0,0.0,0.0,0.0,0.0,0.0,0.0,0.0,0.0,0.0,0.0,0.0,0.0,0.0,0.0,0.0,0.0,0.0,0.0,0.0,0.0,0.0,0.0,0.0,0.0,0.0,0.0,0.0,0.0,0.0,0.0,0.0,0.0,0.0,0.0,0.0,0.0,Bye
0.6383718252182007,0.9049030542373657,-1.7540503449708922e-07,0.6122297644615173,0.772372841835022,0.0037014344707131386,0.5812886953353882,0.6474677324295044,0.006754940375685692,0.5662381649017334,0.5540767908096313,0.004962159786373377,0.570173978805542,0.48016855120658875,0.001499140402302146,0.5837038159370422,0.6635736227035522,0.02305622585117817,0.5378165245056152,0.6214592456817627,0.02140827663242817,0.5292134881019592,0.624648928642273,0.015333976596593857,0.5306323170661926,0.6179324388504028,0.00915380846709013,0.5883069634437561,0.7174879312515259,0.013400920666754246,0.5475685596466064,0.6867336630821228,0.012235472910106182,0.5466628074645996,0.6890497803688049,0.0024947337806224823,0.5509313941001892,0.6931323409080505,-0.007875176146626472,0.5896443724632263,0.774488091468811,0.002044717548415065,0.5490454435348511,0.7565450072288513,0.0004890886484645307,0.5389952659606934,0.7675961852073669,-0.00612643314525485,0.5352011322975159,0.776718258857727,-0.014049924910068512,0.588300883769989,0.8309049606323242,-0.00942846667021513,0.5447709560394287,0.8282540440559387,-0.010721731930971146,0.529504656791687,0.8327201008796692,-0.013151692226529121,0.5188261866569519,0.8373900651931763,-0.016643239185214043,0.0,0.0,0.0,0.0,0.0,0.0,0.0,0.0,0.0,0.0,0.0,0.0,0.0,0.0,0.0,0.0,0.0,0.0,0.0,0.0,0.0,0.0,0.0,0.0,0.0,0.0,0.0,0.0,0.0,0.0,0.0,0.0,0.0,0.0,0.0,0.0,0.0,0.0,0.0,0.0,0.0,0.0,0.0,0.0,0.0,0.0,0.0,0.0,0.0,0.0,0.0,0.0,0.0,0.0,0.0,0.0,0.0,0.0,0.0,0.0,0.0,0.0,0.0,Thanks
0.6151077747344971,0.8782532811164856,-2.104095813137974e-07,0.5990534424781799,0.7540202736854553,0.00521462969481945,0.5721942782402039,0.6389118432998657,-0.0007645034929737449,0.5565716028213501,0.5505961179733276,-0.008295153267681599,0.5632163882255554,0.4799362123012543,-0.01626853086054325,0.5228383541107178,0.6346927881240845,-0.017118746414780617,0.4505545198917389,0.6623033285140991,-0.026505794376134872,0.4695902466773987,0.6957605481147766,-0.02892385423183441,0.4963899850845337,0.6948911547660828,-0.030050037428736687,0.5162442326545715,0.7036889791488647,-0.027117105200886726,0.4462088346481323,0.7366387248039246,-0.03252742066979408,0.47099170088768005,0.758233904838562,-0.02794136479496956,0.49750566482543945,0.7530016899108887,-0.02764732763171196,0.5140146613121033,0.7770264148712158,-0.03567937761545181,0.45108774304389954,0.7972464561462402,-0.041321005672216415,0.4743223786354065,0.8132535815238953,-0.030968910083174706,0.4997335970401764,0.8082736730575562,-0.026152558624744415,0.5135328769683838,0.847785472869873,-0.043473683297634125,0.4615728259086609,0.8515944480895996,-0.048003990203142166,0.4819425642490387,0.8621565103530884,-0.038584548979997635,0.5059170722961426,0.8617457747459412,-0.031062623485922813,0.0,0.0,0.0,0.0,0.0,0.0,0.0,0.0,0.0,0.0,0.0,0.0,0.0,0.0,0.0,0.0,0.0,0.0,0.0,0.0,0.0,0.0,0.0,0.0,0.0,0.0,0.0,0.0,0.0,0.0,0.0,0.0,0.0,0.0,0.0,0.0,0.0,0.0,0.0,0.0,0.0,0.0,0.0,0.0,0.0,0.0,0.0,0.0,0.0,0.0,0.0,0.0,0.0,0.0,0.0,0.0,0.0,0.0,0.0,0.0,0.0,0.0,0.0,Thanks
0.6127352714538574,0.8730965852737427,-2.925358160155156e-07,0.5960062146186829,0.7538447976112366,0.008348975330591202,0.5674091577529907,0.6449116468429565,0.0010732519440352917,0.5549097061157227,0.5540539026260376,-0.008601316250860691,0.5640888810157776,0.4794257879257202,-0.019575614482164383,0.5210162401199341,0.6372306942939758,-0.021729404106736183,0.451444149017334,0.6642677783966064,-0.03176897019147873,0.47133001685142517,0.697898268699646,-0.03330594673752785,0.49724680185317993,0.6962664127349854,-0.033723849803209305,0.514824628829956,0.7029486298561096,-0.03341752290725708,0.4457370936870575,0.7289250493049622,-0.04049181193113327,0.47040891647338867,0.7527069449424744,-0.034241948276758194,0.4981258809566498,0.7497618198394775,-0.03126896172761917,0.513891339302063,0.7739169597625732,-0.04293983429670334,0.4500056803226471,0.7909612059593201,-0.04859829694032669,0.4751238524913788,0.8104821443557739,-0.03514736145734787,0.5017523765563965,0.8066777586936951,-0.027379725128412247,0.5172471404075623,0.845518171787262,-0.05128888785839081,0.463750422000885,0.8505486249923706,-0.0555158331990242,0.48550957441329956,0.8628911972045898,-0.0438518188893795,0.5094584822654724,0.8597179651260376,-0.034480415284633636,0.0,0.0,0.0,0.0,0.0,0.0,0.0,0.0,0.0,0.0,0.0,0.0,0.0,0.0,0.0,0.0,0.0,0.0,0.0,0.0,0.0,0.0,0.0,0.0,0.0,0.0,0.0,0.0,0.0,0.0,0.0,0.0,0.0,0.0,0.0,0.0,0.0,0.0,0.0,0.0,0.0,0.0,0.0,0.0,0.0,0.0,0.0,0.0,0.0,0.0,0.0,0.0,0.0,0.0,0.0,0.0,0.0,0.0,0.0,0.0,0.0,0.0,0.0,Thanks
0.6112388372421265,0.870074450969696,-2.934873748472455e-07,0.5970136523246765,0.7519807815551758,0.007242664694786072,0.5677759647369385,0.643457293510437,0.0004875714657828212,0.5541168451309204,0.5534994602203369,-0.008838387206196785,0.5627942681312561,0.48076558113098145,-0.01933540403842926,0.5210859179496765,0.6360031962394714,-0.019881924614310265,0.450337678194046,0.6622897982597351,-0.03184809908270836,0.4697611331939697,0.697091817855835,-0.03505953773856163,0.49627020955085754,0.6960581541061401,-0.03619423136115074,0.514880359172821,0.7016792893409729,-0.031315047293901443,0.4452154338359833,0.7288192510604858,-0.04057002067565918,0.47029733657836914,0.7528576254844666,-0.03551710397005081,0.49827516078948975,0.7482727766036987,-0.03263278305530548,0.5138116478919983,0.7728711366653442,-0.04113924130797386,0.44943711161613464,0.7904960513114929,-0.04953192546963692,0.47503116726875305,0.8106263875961304,-0.03672255575656891,0.5021407008171082,0.8059490323066711,-0.028315618634223938,0.5169190168380737,0.8450815081596375,-0.04990004375576973,0.4622664153575897,0.8500070571899414,-0.05623732507228851,0.48371630907058716,0.8628008365631104,-0.045331429690122604,0.5081726312637329,0.8591641783714294,-0.03584429621696472,0.0,0.0,0.0,0.0,0.0,0.0,0.0,0.0,0.0,0.0,0.0,0.0,0.0,0.0,0.0,0.0,0.0,0.0,0.0,0.0,0.0,0.0,0.0,0.0,0.0,0.0,0.0,0.0,0.0,0.0,0.0,0.0,0.0,0.0,0.0,0.0,0.0,0.0,0.0,0.0,0.0,0.0,0.0,0.0,0.0,0.0,0.0,0.0,0.0,0.0,0.0,0.0,0.0,0.0,0.0,0.0,0.0,0.0,0.0,0.0,0.0,0.0,0.0,Thanks
0.6116631627082825,0.869066059589386,-3.073590448821051e-07,0.5973954796791077,0.7518002986907959,0.0074458555318415165,0.568289577960968,0.6428971290588379,0.00078727857908234,0.5538405776023865,0.5529378652572632,-0.00848750676959753,0.5619523525238037,0.47892192006111145,-0.018995944410562515,0.519341766834259,0.6355081796646118,-0.018671154975891113,0.44997504353523254,0.6635550856590271,-0.030270634219050407,0.4699249267578125,0.6986167430877686,-0.03361736238002777,0.4966817796230316,0.6974135041236877,-0.03497897461056709,0.513614296913147,0.7010530829429626,-0.030273040756583214,0.44495144486427307,0.7297764420509338,-0.03880913183093071,0.47013169527053833,0.7541999220848083,-0.03380485251545906,0.4978712499141693,0.7502874732017517,-0.031214186921715736,0.5133245587348938,0.7722190618515015,-0.040320511907339096,0.44937312602996826,0.791435718536377,-0.04825468733906746,0.47502410411834717,0.8114431500434875,-0.03569727763533592,0.5019181966781616,0.8066405653953552,-0.027733029797673225,0.5172713398933411,0.8446281552314758,-0.04928262159228325,0.4625118374824524,0.8503429293632507,-0.055378999561071396,0.4842340350151062,0.8629997372627258,-0.04454889893531799,0.508760929107666,0.8589940071105957,-0.0352909192442894,0.0,0.0,0.0,0.0,0.0,0.0,0.0,0.0,0.0,0.0,0.0,0.0,0.0,0.0,0.0,0.0,0.0,0.0,0.0,0.0,0.0,0.0,0.0,0.0,0.0,0.0,0.0,0.0,0.0,0.0,0.0,0.0,0.0,0.0,0.0,0.0,0.0,0.0,0.0,0.0,0.0,0.0,0.0,0.0,0.0,0.0,0.0,0.0,0.0,0.0,0.0,0.0,0.0,0.0,0.0,0.0,0.0,0.0,0.0,0.0,0.0,0.0,0.0,Thanks
0.6118666529655457,0.8714132905006409,-2.9878194141019776e-07,0.5974817276000977,0.754515528678894,0.0066309403628110886,0.5681770443916321,0.6446080207824707,-0.00042232745909132063,0.5533765554428101,0.5541924238204956,-0.009765919297933578,0.5610878467559814,0.47984814643859863,-0.02011587843298912,0.5207564830780029,0.6366122364997864,-0.020547056570649147,0.45003542304039,0.6638522148132324,-0.03233649209141731,0.47036871314048767,0.6986685395240784,-0.03517253324389458,0.4973047971725464,0.6973742842674255,-0.03608535975217819,0.514275848865509,0.7018383741378784,-0.031640633940696716,0.4440895617008209,0.7286336421966553,-0.040636077523231506,0.46962103247642517,0.753657877445221,-0.0353136844933033,0.4975685477256775,0.7500404119491577,-0.03230205550789833,0.5129222273826599,0.7727453112602234,-0.04112705960869789,0.4480234980583191,0.7905723452568054,-0.04915958642959595,0.4744004011154175,0.8107603788375854,-0.03621890768408775,0.5016763210296631,0.8063856959342957,-0.027921495959162712,0.5158662796020508,0.8450742959976196,-0.04960017278790474,0.4623401463031769,0.8503825068473816,-0.05590088665485382,0.48454034328460693,0.8628882169723511,-0.04518670588731766,0.5087245106697083,0.8593277335166931,-0.03594613075256348,0.0,0.0,0.0,0.0,0.0,0.0,0.0,0.0,0.0,0.0,0.0,0.0,0.0,0.0,0.0,0.0,0.0,0.0,0.0,0.0,0.0,0.0,0.0,0.0,0.0,0.0,0.0,0.0,0.0,0.0,0.0,0.0,0.0,0.0,0.0,0.0,0.0,0.0,0.0,0.0,0.0,0.0,0.0,0.0,0.0,0.0,0.0,0.0,0.0,0.0,0.0,0.0,0.0,0.0,0.0,0.0,0.0,0.0,0.0,0.0,0.0,0.0,0.0,Thanks
0.611482560634613,0.8691079020500183,-2.9551162583629775e-07,0.596468985080719,0.7522367835044861,0.007623245008289814,0.5668230652809143,0.6433177590370178,0.00045476065133698285,0.5520922541618347,0.5532084703445435,-0.009210496209561825,0.5612459778785706,0.47855082154273987,-0.02021769806742668,0.5203425884246826,0.6365652680397034,-0.020975889638066292,0.45005449652671814,0.6635836958885193,-0.032212357968091965,0.46978437900543213,0.6985354423522949,-0.03477591648697853,0.4963233768939972,0.6975143551826477,-0.035717159509658813,0.5141610503196716,0.7019237279891968,-0.032642435282468796,0.4441838562488556,0.7283111810684204,-0.04077572003006935,0.4689081013202667,0.753477156162262,-0.034997276961803436,0.49669989943504333,0.7505643963813782,-0.03202817216515541,0.5130392909049988,0.7729507684707642,-0.042492106556892395,0.4482402503490448,0.7902531623840332,-0.049554407596588135,0.47370898723602295,0.8108639121055603,-0.036265745759010315,0.5006572604179382,0.8068888783454895,-0.02815479412674904,0.5160457491874695,0.8454301953315735,-0.05123916268348694,0.4617009460926056,0.8508161902427673,-0.05661734566092491,0.4835893511772156,0.8631263375282288,-0.045393504202365875,0.5079718232154846,0.8593584299087524,-0.03611495718359947,0.0,0.0,0.0,0.0,0.0,0.0,0.0,0.0,0.0,0.0,0.0,0.0,0.0,0.0,0.0,0.0,0.0,0.0,0.0,0.0,0.0,0.0,0.0,0.0,0.0,0.0,0.0,0.0,0.0,0.0,0.0,0.0,0.0,0.0,0.0,0.0,0.0,0.0,0.0,0.0,0.0,0.0,0.0,0.0,0.0,0.0,0.0,0.0,0.0,0.0,0.0,0.0,0.0,0.0,0.0,0.0,0.0,0.0,0.0,0.0,0.0,0.0,0.0,Thanks
0.6112168431282043,0.8699377775192261,-3.0647498761027236e-07,0.5966809988021851,0.7516095638275146,0.008468776009976864,0.5668759346008301,0.6423571705818176,0.002073434181511402,0.5522921681404114,0.5517100095748901,-0.006938073318451643,0.5605025291442871,0.47753527760505676,-0.017274094745516777,0.5205920338630676,0.6364307999610901,-0.02026858553290367,0.44982942938804626,0.6635766625404358,-0.030842138454318047,0.46950656175613403,0.6981716752052307,-0.03298473730683327,0.4956381022930145,0.6969717144966125,-0.03363920375704765,0.5141633152961731,0.7018016576766968,-0.03190666064620018,0.444629967212677,0.728801965713501,-0.039180707186460495,0.46967214345932007,0.7535691857337952,-0.03311138600111008,0.49696075916290283,0.7500736117362976,-0.03014618158340454,0.512859582901001,0.772447943687439,-0.04163021966814995,0.44853079319000244,0.7887104153633118,-0.0476863831281662,0.4738636612892151,0.8093069791793823,-0.03428985923528671,0.5006429553031921,0.8059454560279846,-0.026298366487026215,0.5158200860023499,0.843989372253418,-0.05021987110376358,0.46050509810447693,0.8491812348365784,-0.054684270173311234,0.48112303018569946,0.8610636591911316,-0.0433482751250267,0.5052135586738586,0.8576709628105164,-0.03411554545164108,0.0,0.0,0.0,0.0,0.0,0.0,0.0,0.0,0.0,0.0,0.0,0.0,0.0,0.0,0.0,0.0,0.0,0.0,0.0,0.0,0.0,0.0,0.0,0.0,0.0,0.0,0.0,0.0,0.0,0.0,0.0,0.0,0.0,0.0,0.0,0.0,0.0,0.0,0.0,0.0,0.0,0.0,0.0,0.0,0.0,0.0,0.0,0.0,0.0,0.0,0.0,0.0,0.0,0.0,0.0,0.0,0.0,0.0,0.0,0.0,0.0,0.0,0.0,Thanks
0.6106261014938354,0.867420494556427,-3.0276652296379325e-07,0.5960689187049866,0.7493930459022522,0.008327757008373737,0.5674048662185669,0.640770673751831,0.002123120240867138,0.5532129406929016,0.5509486198425293,-0.00690481998026371,0.5603011846542358,0.4771679937839508,-0.01719673164188862,0.5189897418022156,0.6328406929969788,-0.01758977212011814,0.4492325186729431,0.6613121032714844,-0.02851964719593525,0.46869051456451416,0.6972137093544006,-0.03158014267683029,0.49500665068626404,0.6962214708328247,-0.03283948823809624,0.5127631425857544,0.697765588760376,-0.029379628598690033,0.44362929463386536,0.7267255783081055,-0.03707282617688179,0.46843230724334717,0.7524153590202332,-0.03174174576997757,0.4961734116077423,0.7482717037200928,-0.029107656329870224,0.5117693543434143,0.7687888145446777,-0.039541807025671005,0.4482004642486572,0.7878518104553223,-0.046114757657051086,0.47328269481658936,0.8094382882118225,-0.03311178833246231,0.5000772476196289,0.8051568269729614,-0.02518327347934246,0.5149645209312439,0.8411159515380859,-0.048676203936338425,0.4605843424797058,0.84858638048172,-0.05345957726240158,0.48104533553123474,0.8613157272338867,-0.04233575612306595,0.5050378441810608,0.8574469685554504,-0.03310833126306534,0.0,0.0,0.0,0.0,0.0,0.0,0.0,0.0,0.0,0.0,0.0,0.0,0.0,0.0,0.0,0.0,0.0,0.0,0.0,0.0,0.0,0.0,0.0,0.0,0.0,0.0,0.0,0.0,0.0,0.0,0.0,0.0,0.0,0.0,0.0,0.0,0.0,0.0,0.0,0.0,0.0,0.0,0.0,0.0,0.0,0.0,0.0,0.0,0.0,0.0,0.0,0.0,0.0,0.0,0.0,0.0,0.0,0.0,0.0,0.0,0.0,0.0,0.0,Thanks
0.6089261174201965,0.8657091856002808,-2.976290147671534e-07,0.5945028066635132,0.7480694651603699,0.007123691961169243,0.5667312741279602,0.6397809386253357,0.00020247281645424664,0.5527629256248474,0.5500341653823853,-0.009170128963887691,0.560295820236206,0.47606420516967773,-0.019723184406757355,0.5194768309593201,0.632843554019928,-0.01992371678352356,0.4491922855377197,0.6597990989685059,-0.030440369620919228,0.4681936204433441,0.6962518692016602,-0.03232797235250473,0.4943070411682129,0.6963728666305542,-0.03279070928692818,0.5125985741615295,0.6971852779388428,-0.0310156662017107,0.4434618651866913,0.7250620722770691,-0.03870250657200813,0.4677852392196655,0.7512056231498718,-0.032831788063049316,0.4953548312187195,0.7478060126304626,-0.029830262064933777,0.510796070098877,0.76752769947052,-0.04041079059243202,0.44747719168663025,0.7860767245292664,-0.046955619007349014,0.4723284840583801,0.807811439037323,-0.03379589691758156,0.4989241361618042,0.8038755655288696,-0.02586270123720169,0.5131726264953613,0.8391714096069336,-0.04882105812430382,0.45945504307746887,0.8466294407844543,-0.05391279608011246,0.48028436303138733,0.85976642370224,-0.04301178455352783,0.5042219758033752,0.8558827042579651,-0.03396683931350708,0.0,0.0,0.0,0.0,0.0,0.0,0.0,0.0,0.0,0.0,0.0,0.0,0.0,0.0,0.0,0.0,0.0,0.0,0.0,0.0,0.0,0.0,0.0,0.0,0.0,0.0,0.0,0.0,0.0,0.0,0.0,0.0,0.0,0.0,0.0,0.0,0.0,0.0,0.0,0.0,0.0,0.0,0.0,0.0,0.0,0.0,0.0,0.0,0.0,0.0,0.0,0.0,0.0,0.0,0.0,0.0,0.0,0.0,0.0,0.0,0.0,0.0,0.0,Thanks
0.6083958148956299,0.8643878698348999,-2.983513240906177e-07,0.5942070484161377,0.7474364042282104,0.008029026910662651,0.565881073474884,0.6396318674087524,0.0016222652047872543,0.5528585910797119,0.5502512454986572,-0.0076063452288508415,0.5610458850860596,0.4774280786514282,-0.018105119466781616,0.5188262462615967,0.6320067644119263,-0.018491016700863838,0.44927483797073364,0.6576538681983948,-0.02972141094505787,0.4683161675930023,0.6932089328765869,-0.03267852962017059,0.4945729374885559,0.6925825476646423,-0.03384903073310852,0.5122907161712646,0.6965722441673279,-0.0303307194262743,0.44330090284347534,0.7228825688362122,-0.03864426538348198,0.46760299801826477,0.748487114906311,-0.033419717103242874,0.495500385761261,0.7450448274612427,-0.03066709265112877,0.510954737663269,0.7671698331832886,-0.040556009858846664,0.4477694630622864,0.784731388092041,-0.04768684506416321,0.47264593839645386,0.8061171770095825,-0.0347977951169014,0.4995633065700531,0.8019959330558777,-0.02679646946489811,0.5138659477233887,0.8389564156532288,-0.04975121468305588,0.4598129093647003,0.8454338908195496,-0.05502806603908539,0.480470210313797,0.8585005402565002,-0.044098954647779465,0.5046963691711426,0.854647696018219,-0.034959375858306885,0.0,0.0,0.0,0.0,0.0,0.0,0.0,0.0,0.0,0.0,0.0,0.0,0.0,0.0,0.0,0.0,0.0,0.0,0.0,0.0,0.0,0.0,0.0,0.0,0.0,0.0,0.0,0.0,0.0,0.0,0.0,0.0,0.0,0.0,0.0,0.0,0.0,0.0,0.0,0.0,0.0,0.0,0.0,0.0,0.0,0.0,0.0,0.0,0.0,0.0,0.0,0.0,0.0,0.0,0.0,0.0,0.0,0.0,0.0,0.0,0.0,0.0,0.0,Thanks
0.6093417406082153,0.8664562702178955,-2.9560959546870436e-07,0.5947687029838562,0.7494247555732727,0.007461992092430592,0.5668333172798157,0.639551043510437,0.0008380860672332346,0.5541139245033264,0.5498145222663879,-0.008538381196558475,0.5618419051170349,0.4771391749382019,-0.019047558307647705,0.5189433097839355,0.6306829452514648,-0.017004752531647682,0.45037177205085754,0.65848308801651,-0.02842220664024353,0.470007985830307,0.6936023831367493,-0.0321468785405159,0.4960942566394806,0.6918424963951111,-0.033807553350925446,0.5120862126350403,0.6946795582771301,-0.028542229905724525,0.44390496611595154,0.7221300601959229,-0.03679165616631508,0.46815159916877747,0.7481082081794739,-0.03205142542719841,0.49564728140830994,0.7447422742843628,-0.02953256666660309,0.510347306728363,0.7648685574531555,-0.038651205599308014,0.44745317101478577,0.7835550308227539,-0.04576707258820534,0.47215428948402405,0.805234432220459,-0.03336549177765846,0.4988880753517151,0.8013734817504883,-0.025563769042491913,0.5128903388977051,0.8361955881118774,-0.047827862203121185,0.45952948927879333,0.8431491255760193,-0.05294044315814972,0.48027288913726807,0.8573310971260071,-0.0421065129339695,0.5043327212333679,0.854699969291687,-0.03291349858045578,0.0,0.0,0.0,0.0,0.0,0.0,0.0,0.0,0.0,0.0,0.0,0.0,0.0,0.0,0.0,0.0,0.0,0.0,0.0,0.0,0.0,0.0,0.0,0.0,0.0,0.0,0.0,0.0,0.0,0.0,0.0,0.0,0.0,0.0,0.0,0.0,0.0,0.0,0.0,0.0,0.0,0.0,0.0,0.0,0.0,0.0,0.0,0.0,0.0,0.0,0.0,0.0,0.0,0.0,0.0,0.0,0.0,0.0,0.0,0.0,0.0,0.0,0.0,Thanks
0.6093297600746155,0.8633369207382202,-2.924320767760946e-07,0.595639169216156,0.7477400898933411,0.0069121308624744415,0.5680267214775085,0.6394608616828918,0.0001866067759692669,0.5544941425323486,0.5503271818161011,-0.00925287976861,0.5614318251609802,0.4778210520744324,-0.019704435020685196,0.5207449793815613,0.6299953460693359,-0.018015990033745766,0.4499957263469696,0.6551199555397034,-0.030648022890090942,0.46878868341445923,0.6916150450706482,-0.03465982526540756,0.49518176913261414,0.6913564205169678,-0.03618979826569557,0.513321578502655,0.6938347816467285,-0.02932661771774292,0.4437498152256012,0.7203648686408997,-0.038841038942337036,0.46786150336265564,0.7472127079963684,-0.03410893678665161,0.4956008195877075,0.7433882355690002,-0.031306471675634384,0.5110472440719604,0.7640306949615479,-0.03936908021569252,0.4475769102573395,0.782689094543457,-0.04756145551800728,0.471820592880249,0.8052457571029663,-0.034955643117427826,0.4984976649284363,0.8009353876113892,-0.026698613539338112,0.5128006935119629,0.83548504114151,-0.04852835088968277,0.4592367708683014,0.843650758266449,-0.05432736128568649,0.47947585582733154,0.8576568365097046,-0.04377925395965576,0.5034787654876709,0.8537769913673401,-0.034639474004507065,0.0,0.0,0.0,0.0,0.0,0.0,0.0,0.0,0.0,0.0,0.0,0.0,0.0,0.0,0.0,0.0,0.0,0.0,0.0,0.0,0.0,0.0,0.0,0.0,0.0,0.0,0.0,0.0,0.0,0.0,0.0,0.0,0.0,0.0,0.0,0.0,0.0,0.0,0.0,0.0,0.0,0.0,0.0,0.0,0.0,0.0,0.0,0.0,0.0,0.0,0.0,0.0,0.0,0.0,0.0,0.0,0.0,0.0,0.0,0.0,0.0,0.0,0.0,Thanks
0.6089465022087097,0.8648302555084229,-2.9925215017101436e-07,0.5948283076286316,0.7476508617401123,0.008031940087676048,0.5673773288726807,0.6387306451797485,0.0015006308676674962,0.5537390112876892,0.5493853688240051,-0.007623805198818445,0.5611334443092346,0.47743257880210876,-0.018067073076963425,0.5205399394035339,0.6309283971786499,-0.019742779433727264,0.4505855143070221,0.656509280204773,-0.030109554529190063,0.4697088599205017,0.691947340965271,-0.032267145812511444,0.4957871437072754,0.691702663898468,-0.03296216204762459,0.5130031108856201,0.694664716720581,-0.031129883602261543,0.44435063004493713,0.7208065390586853,-0.03825502470135689,0.4678492844104767,0.7466780543327332,-0.032445695251226425,0.49503958225250244,0.744132399559021,-0.02960823103785515,0.5104203224182129,0.764365017414093,-0.04067143052816391,0.4477497637271881,0.7828366160392761,-0.04626990482211113,0.4720097482204437,0.8040660619735718,-0.03322366997599602,0.4983280897140503,0.800584077835083,-0.025670519098639488,0.5121639966964722,0.8356262445449829,-0.04918283969163895,0.45919564366340637,0.8427468538284302,-0.05330770090222359,0.48012274503707886,0.8560416102409363,-0.04210413247346878,0.5039462447166443,0.8528193235397339,-0.033071283251047134,0.0,0.0,0.0,0.0,0.0,0.0,0.0,0.0,0.0,0.0,0.0,0.0,0.0,0.0,0.0,0.0,0.0,0.0,0.0,0.0,0.0,0.0,0.0,0.0,0.0,0.0,0.0,0.0,0.0,0.0,0.0,0.0,0.0,0.0,0.0,0.0,0.0,0.0,0.0,0.0,0.0,0.0,0.0,0.0,0.0,0.0,0.0,0.0,0.0,0.0,0.0,0.0,0.0,0.0,0.0,0.0,0.0,0.0,0.0,0.0,0.0,0.0,0.0,Thanks
0.6092906594276428,0.8685576319694519,-2.9839247872587293e-07,0.5957524180412292,0.7504308223724365,0.00818792637437582,0.5688682198524475,0.6411042809486389,0.0016248655738309026,0.5556455850601196,0.5507278442382812,-0.007518870756030083,0.5623340606689453,0.47802039980888367,-0.01778334379196167,0.5213014483451843,0.6311441659927368,-0.019180549308657646,0.4510095715522766,0.6571717262268066,-0.02902967296540737,0.4704185426235199,0.6931692361831665,-0.030833642929792404,0.4961796998977661,0.6924086213111877,-0.03139284998178482,0.5132023692131042,0.6947975158691406,-0.030633926391601562,0.4440745413303375,0.7204090356826782,-0.037265099585056305,0.46783649921417236,0.7474477291107178,-0.031144293025135994,0.49500760436058044,0.7449098825454712,-0.028133196756243706,0.5102715492248535,0.764638364315033,-0.040253713726997375,0.4474244713783264,0.7818834185600281,-0.0452876053750515,0.4716871678829193,0.8041737079620361,-0.03200167790055275,0.4980911612510681,0.800995945930481,-0.0243869349360466,0.511962354183197,0.8357044458389282,-0.0488717220723629,0.459237277507782,0.8423061370849609,-0.052603669464588165,0.47998765110969543,0.8560650944709778,-0.04140092805027962,0.5038817524909973,0.8530450463294983,-0.03240152820944786,0.0,0.0,0.0,0.0,0.0,0.0,0.0,0.0,0.0,0.0,0.0,0.0,0.0,0.0,0.0,0.0,0.0,0.0,0.0,0.0,0.0,0.0,0.0,0.0,0.0,0.0,0.0,0.0,0.0,0.0,0.0,0.0,0.0,0.0,0.0,0.0,0.0,0.0,0.0,0.0,0.0,0.0,0.0,0.0,0.0,0.0,0.0,0.0,0.0,0.0,0.0,0.0,0.0,0.0,0.0,0.0,0.0,0.0,0.0,0.0,0.0,0.0,0.0,Thanks
0.6096801161766052,0.8664156794548035,-2.9382030675151327e-07,0.5957930684089661,0.7489764094352722,0.008357089944183826,0.5684292316436768,0.6414543986320496,0.002063589170575142,0.5554414391517639,0.5528746247291565,-0.007022386882454157,0.5626099705696106,0.48117852210998535,-0.01733975298702717,0.5204294323921204,0.6317151784896851,-0.01754908263683319,0.45127537846565247,0.6580607891082764,-0.02828257530927658,0.47092172503471375,0.6924657225608826,-0.0313120111823082,0.49679356813430786,0.6906676292419434,-0.03257184848189354,0.5129107236862183,0.6957030296325684,-0.02922648750245571,0.44439834356307983,0.7205666899681091,-0.0365651436150074,0.46830862760543823,0.746189534664154,-0.031239233911037445,0.49552372097969055,0.7437323331832886,-0.0285507719963789,0.5106250643730164,0.7654438018798828,-0.03923531621694565,0.44821375608444214,0.7830461263656616,-0.04520278051495552,0.4725033938884735,0.8044348359107971,-0.032474860548973083,0.498724102973938,0.800728976726532,-0.02484087646007538,0.5128398537635803,0.8363567590713501,-0.048226743936538696,0.4593469500541687,0.8426477313041687,-0.052496910095214844,0.48011499643325806,0.8562167882919312,-0.041350238025188446,0.504204511642456,0.8532648682594299,-0.03215547278523445,0.0,0.0,0.0,0.0,0.0,0.0,0.0,0.0,0.0,0.0,0.0,0.0,0.0,0.0,0.0,0.0,0.0,0.0,0.0,0.0,0.0,0.0,0.0,0.0,0.0,0.0,0.0,0.0,0.0,0.0,0.0,0.0,0.0,0.0,0.0,0.0,0.0,0.0,0.0,0.0,0.0,0.0,0.0,0.0,0.0,0.0,0.0,0.0,0.0,0.0,0.0,0.0,0.0,0.0,0.0,0.0,0.0,0.0,0.0,0.0,0.0,0.0,0.0,Thanks
0.6096356511116028,0.867874264717102,-3.046705785436643e-07,0.5966070294380188,0.7514230012893677,0.008332200348377228,0.5698233246803284,0.6430733799934387,0.0020706369541585445,0.5559821128845215,0.5540556907653809,-0.0068958415649831295,0.562950849533081,0.48258471488952637,-0.016939528286457062,0.5217418670654297,0.6322056651115417,-0.01818617805838585,0.45173847675323486,0.6572927832603455,-0.028648095205426216,0.47083353996276855,0.6937722563743591,-0.030952997505664825,0.4966394603252411,0.6935390830039978,-0.03165394812822342,0.5138093829154968,0.6959607005119324,-0.029598815366625786,0.4450491964817047,0.7224862575531006,-0.036712873727083206,0.46921902894973755,0.7493492960929871,-0.030690612271428108,0.4963548481464386,0.7458604574203491,-0.02760789729654789,0.5110670328140259,0.7656400203704834,-0.03931065648794174,0.448175311088562,0.7832447290420532,-0.04500597342848778,0.47310513257980347,0.8052964806556702,-0.03178103640675545,0.4997497498989105,0.801460862159729,-0.023941228166222572,0.5127847194671631,0.8367063403129578,-0.048007674515247345,0.4598759114742279,0.8431606292724609,-0.05216548591852188,0.48077768087387085,0.8565308451652527,-0.04109708592295647,0.5048157572746277,0.8533830046653748,-0.032036568969488144,0.0,0.0,0.0,0.0,0.0,0.0,0.0,0.0,0.0,0.0,0.0,0.0,0.0,0.0,0.0,0.0,0.0,0.0,0.0,0.0,0.0,0.0,0.0,0.0,0.0,0.0,0.0,0.0,0.0,0.0,0.0,0.0,0.0,0.0,0.0,0.0,0.0,0.0,0.0,0.0,0.0,0.0,0.0,0.0,0.0,0.0,0.0,0.0,0.0,0.0,0.0,0.0,0.0,0.0,0.0,0.0,0.0,0.0,0.0,0.0,0.0,0.0,0.0,Thanks
0.6105239987373352,0.8689385056495667,-3.0327217359626957e-07,0.597162663936615,0.752223789691925,0.008833259344100952,0.569729208946228,0.643856942653656,0.0028456372674554586,0.5563622713088989,0.5545434355735779,-0.005942760035395622,0.5636726021766663,0.48282262682914734,-0.01588202640414238,0.5222893357276917,0.6327449679374695,-0.017431844025850296,0.4523450434207916,0.6572054624557495,-0.027781229466199875,0.47132933139801025,0.6931977272033691,-0.03024829365313053,0.49692049622535706,0.6926374435424805,-0.031168419867753983,0.5142810940742493,0.6960416436195374,-0.029180213809013367,0.44557684659957886,0.7219587564468384,-0.03601628914475441,0.4693002700805664,0.748480498790741,-0.03002888150513172,0.4961186349391937,0.7454712986946106,-0.027117226272821426,0.5113713145256042,0.7655741572380066,-0.03925105556845665,0.44864702224731445,0.7836825251579285,-0.04475293681025505,0.473133385181427,0.8054139018058777,-0.031502895057201385,0.49922001361846924,0.8017000555992126,-0.023786811158061028,0.5129578113555908,0.836557924747467,-0.04829135164618492,0.46023252606391907,0.8436747789382935,-0.05234046280384064,0.4812929630279541,0.8570433855056763,-0.041212573647499084,0.5050491690635681,0.8534931540489197,-0.032210297882556915,0.0,0.0,0.0,0.0,0.0,0.0,0.0,0.0,0.0,0.0,0.0,0.0,0.0,0.0,0.0,0.0,0.0,0.0,0.0,0.0,0.0,0.0,0.0,0.0,0.0,0.0,0.0,0.0,0.0,0.0,0.0,0.0,0.0,0.0,0.0,0.0,0.0,0.0,0.0,0.0,0.0,0.0,0.0,0.0,0.0,0.0,0.0,0.0,0.0,0.0,0.0,0.0,0.0,0.0,0.0,0.0,0.0,0.0,0.0,0.0,0.0,0.0,0.0,Thanks
0.608925461769104,0.8669508695602417,-2.9173625648581947e-07,0.5957845449447632,0.7504300475120544,0.008485452271997929,0.5692996978759766,0.6438912153244019,0.0024233150761574507,0.5559426546096802,0.5560684204101562,-0.006379079073667526,0.5632333755493164,0.4850730001926422,-0.016208773478865623,0.521806538105011,0.6329984068870544,-0.01752171665430069,0.4519107937812805,0.6551337242126465,-0.02819007635116577,0.47057390213012695,0.691133975982666,-0.03077278658747673,0.49639663100242615,0.6918358206748962,-0.03159433230757713,0.5139104723930359,0.6966277956962585,-0.02892555110156536,0.4450835883617401,0.7196784019470215,-0.036076538264751434,0.46833544969558716,0.7463870048522949,-0.030263669788837433,0.49527621269226074,0.7442861795425415,-0.027322670444846153,0.5108160972595215,0.7660781741142273,-0.038675397634506226,0.4480206072330475,0.7809741497039795,-0.04438913241028786,0.4718101918697357,0.8031308054924011,-0.031190192326903343,0.497875452041626,0.800271213054657,-0.023324457928538322,0.5117562413215637,0.8369630575180054,-0.04741373658180237,0.4591614603996277,0.842006266117096,-0.051489781588315964,0.4796160161495209,0.8553948998451233,-0.040401309728622437,0.503093421459198,0.8523786664009094,-0.03134661912918091,0.0,0.0,0.0,0.0,0.0,0.0,0.0,0.0,0.0,0.0,0.0,0.0,0.0,0.0,0.0,0.0,0.0,0.0,0.0,0.0,0.0,0.0,0.0,0.0,0.0,0.0,0.0,0.0,0.0,0.0,0.0,0.0,0.0,0.0,0.0,0.0,0.0,0.0,0.0,0.0,0.0,0.0,0.0,0.0,0.0,0.0,0.0,0.0,0.0,0.0,0.0,0.0,0.0,0.0,0.0,0.0,0.0,0.0,0.0,0.0,0.0,0.0,0.0,Thanks
0.6057438254356384,0.8700487017631531,-2.9273394375195494e-07,0.593940794467926,0.754416823387146,0.007559629622846842,0.5684848427772522,0.6466010808944702,0.0011375906178727746,0.5557259321212769,0.5584518313407898,-0.007803516462445259,0.562086284160614,0.48810887336730957,-0.017804553732275963,0.5206740498542786,0.6342813372612,-0.018331563100218773,0.45059266686439514,0.6572648882865906,-0.029208455234766006,0.46896108984947205,0.6932610273361206,-0.03201036527752876,0.4944661259651184,0.6930974721908569,-0.03308643400669098,0.5123759508132935,0.6971951723098755,-0.02943972311913967,0.443128377199173,0.7203757166862488,-0.037249766290187836,0.4664106070995331,0.7467471957206726,-0.031920887529850006,0.4935205280780792,0.7441731691360474,-0.029093461111187935,0.5089143514633179,0.7660433650016785,-0.03891477733850479,0.4459776282310486,0.7824401259422302,-0.04518931731581688,0.47006091475486755,0.8040930032730103,-0.032368697226047516,0.49618080258369446,0.8000285029411316,-0.024628592655062675,0.5096970796585083,0.8363684415817261,-0.047443289309740067,0.457998126745224,0.8432873487472534,-0.052128612995147705,0.47909659147262573,0.856939971446991,-0.04143945872783661,0.5027854442596436,0.8531110882759094,-0.0325724333524704,0.0,0.0,0.0,0.0,0.0,0.0,0.0,0.0,0.0,0.0,0.0,0.0,0.0,0.0,0.0,0.0,0.0,0.0,0.0,0.0,0.0,0.0,0.0,0.0,0.0,0.0,0.0,0.0,0.0,0.0,0.0,0.0,0.0,0.0,0.0,0.0,0.0,0.0,0.0,0.0,0.0,0.0,0.0,0.0,0.0,0.0,0.0,0.0,0.0,0.0,0.0,0.0,0.0,0.0,0.0,0.0,0.0,0.0,0.0,0.0,0.0,0.0,0.0,Thanks
0.6077571511268616,0.8707437515258789,-2.850350711014471e-07,0.5947199463844299,0.7536691427230835,0.008638392202556133,0.5684142708778381,0.646251916885376,0.0024506961926817894,0.5556275248527527,0.5575006008148193,-0.006537558976560831,0.5620973706245422,0.48628559708595276,-0.016635792329907417,0.5207575559616089,0.6346954107284546,-0.017418423667550087,0.4515233635902405,0.6563785076141357,-0.027626341208815575,0.4701071083545685,0.6920359134674072,-0.030121417716145515,0.49573445320129395,0.6924976110458374,-0.03104589134454727,0.512233316898346,0.6983324289321899,-0.029100267216563225,0.44391241669654846,0.7196455001831055,-0.036037031561136246,0.46701979637145996,0.7463463544845581,-0.03045646660029888,0.4940306842327118,0.7448191046714783,-0.02767530083656311,0.5088458061218262,0.7682453393936157,-0.03904556483030319,0.44636639952659607,0.7817599177360535,-0.044671688228845596,0.4702756404876709,0.803687572479248,-0.03175398334860802,0.49670201539993286,0.8016029000282288,-0.024123670533299446,0.5100111365318298,0.8393425345420837,-0.0479341559112072,0.4581421911716461,0.8425145149230957,-0.0520518496632576,0.47864463925361633,0.8558973073959351,-0.04099420830607414,0.5023703575134277,0.8533918857574463,-0.03195468708872795,0.0,0.0,0.0,0.0,0.0,0.0,0.0,0.0,0.0,0.0,0.0,0.0,0.0,0.0,0.0,0.0,0.0,0.0,0.0,0.0,0.0,0.0,0.0,0.0,0.0,0.0,0.0,0.0,0.0,0.0,0.0,0.0,0.0,0.0,0.0,0.0,0.0,0.0,0.0,0.0,0.0,0.0,0.0,0.0,0.0,0.0,0.0,0.0,0.0,0.0,0.0,0.0,0.0,0.0,0.0,0.0,0.0,0.0,0.0,0.0,0.0,0.0,0.0,Thanks
0.6072350740432739,0.8709511160850525,-2.964495706692105e-07,0.594771683216095,0.7540154457092285,0.008179661817848682,0.5687003135681152,0.6456815004348755,0.0017012074822559953,0.5564631223678589,0.5571163892745972,-0.007577935699373484,0.5632241368293762,0.48599863052368164,-0.017985813319683075,0.521798312664032,0.634978711605072,-0.01847676746547222,0.4518651068210602,0.6569598913192749,-0.029237624257802963,0.4706377387046814,0.6928301453590393,-0.03200400620698929,0.4962247312068939,0.6926155686378479,-0.03310156613588333,0.5134328007698059,0.6988847851753235,-0.030046701431274414,0.44472238421440125,0.7209718823432922,-0.037421394139528275,0.46818873286247253,0.7477327585220337,-0.03171808645129204,0.4950440526008606,0.7456732988357544,-0.02891627885401249,0.5101106762886047,0.7683421969413757,-0.03994530811905861,0.4470491409301758,0.7818081378936768,-0.04575025662779808,0.4711854159832001,0.8042131662368774,-0.03243878483772278,0.4974779188632965,0.8020649552345276,-0.024580756202340126,0.51121985912323,0.8388171792030334,-0.04887889698147774,0.4585302770137787,0.8421908020973206,-0.05312574654817581,0.47912895679473877,0.8557016253471375,-0.04193262383341789,0.5029845237731934,0.8537736535072327,-0.032849062234163284,0.0,0.0,0.0,0.0,0.0,0.0,0.0,0.0,0.0,0.0,0.0,0.0,0.0,0.0,0.0,0.0,0.0,0.0,0.0,0.0,0.0,0.0,0.0,0.0,0.0,0.0,0.0,0.0,0.0,0.0,0.0,0.0,0.0,0.0,0.0,0.0,0.0,0.0,0.0,0.0,0.0,0.0,0.0,0.0,0.0,0.0,0.0,0.0,0.0,0.0,0.0,0.0,0.0,0.0,0.0,0.0,0.0,0.0,0.0,0.0,0.0,0.0,0.0,Thanks
0.6062906384468079,0.8696491718292236,-2.93676663432052e-07,0.5944779515266418,0.7530672550201416,0.00836868491023779,0.5694810748100281,0.6461400985717773,0.002156005008146167,0.5568245053291321,0.5573691725730896,-0.006885279901325703,0.5638239979743958,0.4861627221107483,-0.016964072361588478,0.5217845439910889,0.6336995959281921,-0.016391372308135033,0.45204994082450867,0.6557285785675049,-0.0276140496134758,0.47021347284317017,0.6913632154464722,-0.030999137088656425,0.4958926737308502,0.692107081413269,-0.03218938410282135,0.5131336450576782,0.6968686580657959,-0.02772519364953041,0.4448851943016052,0.7198156714439392,-0.03521950542926788,0.46781378984451294,0.7465071082115173,-0.029926732182502747,0.4946173429489136,0.7444363236427307,-0.027163075283169746,0.5093612670898438,0.7655330300331116,-0.03756542131304741,0.4479501247406006,0.7812491059303284,-0.043336961418390274,0.47131744027137756,0.8035796880722046,-0.03044773079454899,0.4971121847629547,0.8007687330245972,-0.022692183032631874,0.5098704099655151,0.8351070880889893,-0.0464630089700222,0.458434522151947,0.8406023979187012,-0.05019655451178551,0.47906142473220825,0.85465407371521,-0.039051104336977005,0.5027116537094116,0.8519872426986694,-0.029924020171165466,0.0,0.0,0.0,0.0,0.0,0.0,0.0,0.0,0.0,0.0,0.0,0.0,0.0,0.0,0.0,0.0,0.0,0.0,0.0,0.0,0.0,0.0,0.0,0.0,0.0,0.0,0.0,0.0,0.0,0.0,0.0,0.0,0.0,0.0,0.0,0.0,0.0,0.0,0.0,0.0,0.0,0.0,0.0,0.0,0.0,0.0,0.0,0.0,0.0,0.0,0.0,0.0,0.0,0.0,0.0,0.0,0.0,0.0,0.0,0.0,0.0,0.0,0.0,Thanks
0.6065914034843445,0.8691379427909851,-2.978001703013433e-07,0.5949994325637817,0.7531948089599609,0.0085373530164361,0.5697399973869324,0.6454769372940063,0.0027324529364705086,0.556952714920044,0.5565418601036072,-0.00579754589125514,0.5639393925666809,0.48636725544929504,-0.015378122217953205,0.522487223148346,0.6337178349494934,-0.017262354493141174,0.452506959438324,0.6558408737182617,-0.027955278754234314,0.47068580985069275,0.6921940445899963,-0.030622465535998344,0.49631425738334656,0.693146824836731,-0.03141007944941521,0.5137705206871033,0.6965797543525696,-0.02848667837679386,0.4450627267360687,0.7197925448417664,-0.03554585948586464,0.4679480791091919,0.7469481825828552,-0.029726698994636536,0.4947962760925293,0.74467533826828,-0.026753876358270645,0.5099421143531799,0.7652819752693176,-0.03809314966201782,0.44751352071762085,0.7801929712295532,-0.04366407170891762,0.471099317073822,0.8027147054672241,-0.030547618865966797,0.49725672602653503,0.8002386093139648,-0.022753480821847916,0.5104081630706787,0.8351923823356628,-0.04671352356672287,0.45881888270378113,0.8401961922645569,-0.050544604659080505,0.4790409207344055,0.8540952801704407,-0.039577703922986984,0.5025408864021301,0.8515932559967041,-0.030644526705145836,0.0,0.0,0.0,0.0,0.0,0.0,0.0,0.0,0.0,0.0,0.0,0.0,0.0,0.0,0.0,0.0,0.0,0.0,0.0,0.0,0.0,0.0,0.0,0.0,0.0,0.0,0.0,0.0,0.0,0.0,0.0,0.0,0.0,0.0,0.0,0.0,0.0,0.0,0.0,0.0,0.0,0.0,0.0,0.0,0.0,0.0,0.0,0.0,0.0,0.0,0.0,0.0,0.0,0.0,0.0,0.0,0.0,0.0,0.0,0.0,0.0,0.0,0.0,Thanks
0.6069061756134033,0.8706335425376892,-3.008755697919696e-07,0.594961941242218,0.7556793093681335,0.007635724730789661,0.5686303973197937,0.6475922465324402,0.001679355395026505,0.5564020276069641,0.5590331554412842,-0.00706115597859025,0.5641435384750366,0.48840609192848206,-0.016626546159386635,0.5222231149673462,0.6343019604682922,-0.01540328934788704,0.4507090747356415,0.65570467710495,-0.027913546189665794,0.4685852527618408,0.6927191019058228,-0.03233437240123749,0.49480801820755005,0.693237841129303,-0.03399508818984032,0.5139050483703613,0.6958069205284119,-0.02651241049170494,0.4428141415119171,0.7202858924865723,-0.03524661064147949,0.4662854075431824,0.7480317950248718,-0.030420929193496704,0.493708997964859,0.7443645596504211,-0.0275211650878191,0.5106470584869385,0.7638813853263855,-0.03647422417998314,0.4465913474559784,0.7809886932373047,-0.043727267533540726,0.47031357884407043,0.8038001656532288,-0.03127356618642807,0.49660202860832214,0.7994853854179382,-0.02314075455069542,0.511715829372406,0.8336341977119446,-0.045566126704216,0.45769020915031433,0.8397592902183533,-0.050340309739112854,0.47728124260902405,0.8536127805709839,-0.039796147495508194,0.5010324716567993,0.8503733277320862,-0.03073924034833908,0.0,0.0,0.0,0.0,0.0,0.0,0.0,0.0,0.0,0.0,0.0,0.0,0.0,0.0,0.0,0.0,0.0,0.0,0.0,0.0,0.0,0.0,0.0,0.0,0.0,0.0,0.0,0.0,0.0,0.0,0.0,0.0,0.0,0.0,0.0,0.0,0.0,0.0,0.0,0.0,0.0,0.0,0.0,0.0,0.0,0.0,0.0,0.0,0.0,0.0,0.0,0.0,0.0,0.0,0.0,0.0,0.0,0.0,0.0,0.0,0.0,0.0,0.0,Thanks
0.6063465476036072,0.8673047423362732,-2.9142216817490407e-07,0.594343364238739,0.7515855431556702,0.008297890424728394,0.5686424970626831,0.6458571553230286,0.0027354764752089977,0.555790364742279,0.5586844682693481,-0.005812492221593857,0.5631745457649231,0.4893069267272949,-0.015486037358641624,0.5206150412559509,0.633874773979187,-0.015468504279851913,0.4510086476802826,0.6531692743301392,-0.0265125073492527,0.4682536721229553,0.6900874376296997,-0.029831046238541603,0.4938834607601166,0.6916744709014893,-0.03103473410010338,0.5117685794830322,0.696294367313385,-0.026768816635012627,0.4433760344982147,0.7172634601593018,-0.03443637862801552,0.4658023416996002,0.745232105255127,-0.02922513335943222,0.4928283393383026,0.7433479428291321,-0.026336176320910454,0.5081725120544434,0.7648393511772156,-0.03665604442358017,0.4462912082672119,0.7790626287460327,-0.04300341755151749,0.46910691261291504,0.8023625016212463,-0.030405601486563683,0.49500468373298645,0.7999283671379089,-0.022530656307935715,0.5089457035064697,0.8350350856781006,-0.04560912027955055,0.45626628398895264,0.8396472930908203,-0.049932580441236496,0.4756247401237488,0.8540518879890442,-0.03911009058356285,0.4992254674434662,0.8519365787506104,-0.030025552958250046,0.0,0.0,0.0,0.0,0.0,0.0,0.0,0.0,0.0,0.0,0.0,0.0,0.0,0.0,0.0,0.0,0.0,0.0,0.0,0.0,0.0,0.0,0.0,0.0,0.0,0.0,0.0,0.0,0.0,0.0,0.0,0.0,0.0,0.0,0.0,0.0,0.0,0.0,0.0,0.0,0.0,0.0,0.0,0.0,0.0,0.0,0.0,0.0,0.0,0.0,0.0,0.0,0.0,0.0,0.0,0.0,0.0,0.0,0.0,0.0,0.0,0.0,0.0,Thanks
0.6050517559051514,0.8673427104949951,-2.9635629061885993e-07,0.5931916832923889,0.7514041662216187,0.007797527592629194,0.567993700504303,0.6445728540420532,0.0014785685343667865,0.5549345016479492,0.5569592714309692,-0.007568009663373232,0.5627305507659912,0.4861733019351959,-0.017697306349873543,0.5194272994995117,0.6321226358413696,-0.01743975467979908,0.45039379596710205,0.6546190977096558,-0.02786918170750141,0.4686872065067291,0.6911466717720032,-0.03036210872232914,0.4943419396877289,0.6922671794891357,-0.031205106526613235,0.5107619762420654,0.6950685977935791,-0.0286124125123024,0.443024605512619,0.7192733883857727,-0.03580299764871597,0.46616610884666443,0.7465992569923401,-0.03006867878139019,0.4931723475456238,0.7442033290863037,-0.027107160538434982,0.5070676803588867,0.7640087604522705,-0.038218989968299866,0.44573888182640076,0.7803299427032471,-0.0439702644944191,0.4695122241973877,0.8029319643974304,-0.030893512070178986,0.4955604076385498,0.7993831038475037,-0.023090729489922523,0.5076317191123962,0.8344908952713013,-0.04691455885767937,0.45582833886146545,0.8396254181861877,-0.050962142646312714,0.47638630867004395,0.8542941808700562,-0.03980982303619385,0.5000448226928711,0.8519860506057739,-0.03069419600069523,0.0,0.0,0.0,0.0,0.0,0.0,0.0,0.0,0.0,0.0,0.0,0.0,0.0,0.0,0.0,0.0,0.0,0.0,0.0,0.0,0.0,0.0,0.0,0.0,0.0,0.0,0.0,0.0,0.0,0.0,0.0,0.0,0.0,0.0,0.0,0.0,0.0,0.0,0.0,0.0,0.0,0.0,0.0,0.0,0.0,0.0,0.0,0.0,0.0,0.0,0.0,0.0,0.0,0.0,0.0,0.0,0.0,0.0,0.0,0.0,0.0,0.0,0.0,Thanks
0.6036067008972168,0.8683976531028748,-2.936562850663904e-07,0.5927488207817078,0.7527775764465332,0.007789145689457655,0.5679550766944885,0.6455202102661133,0.001598915085196495,0.5552958846092224,0.5571233630180359,-0.007150827441364527,0.5632458925247192,0.48692917823791504,-0.017033308744430542,0.5199888944625854,0.6338958740234375,-0.01836162805557251,0.45092955231666565,0.6553371548652649,-0.028354138135910034,0.4692533016204834,0.6915860176086426,-0.03028443641960621,0.4946170151233673,0.6923523545265198,-0.030881483107805252,0.5114039182662964,0.6964634656906128,-0.029326917603611946,0.44319531321525574,0.719013512134552,-0.03637278825044632,0.4662283957004547,0.746163010597229,-0.030392466112971306,0.4930465817451477,0.7442471981048584,-0.02731935866177082,0.5076881051063538,0.7650081515312195,-0.03859774395823479,0.4453343152999878,0.7799273729324341,-0.04429575055837631,0.46931204199790955,0.8024163246154785,-0.031204061582684517,0.4953939914703369,0.7996863722801208,-0.023462805896997452,0.5082101821899414,0.8353711366653442,-0.04689222201704979,0.4566274881362915,0.8406632542610168,-0.051177024841308594,0.4774472713470459,0.8543979525566101,-0.04034851863980293,0.5010849237442017,0.8514131903648376,-0.03152504563331604,0.0,0.0,0.0,0.0,0.0,0.0,0.0,0.0,0.0,0.0,0.0,0.0,0.0,0.0,0.0,0.0,0.0,0.0,0.0,0.0,0.0,0.0,0.0,0.0,0.0,0.0,0.0,0.0,0.0,0.0,0.0,0.0,0.0,0.0,0.0,0.0,0.0,0.0,0.0,0.0,0.0,0.0,0.0,0.0,0.0,0.0,0.0,0.0,0.0,0.0,0.0,0.0,0.0,0.0,0.0,0.0,0.0,0.0,0.0,0.0,0.0,0.0,0.0,Thanks
0.6051580905914307,0.8701106905937195,-2.886656602640869e-07,0.5937806367874146,0.7538039088249207,0.008485942147672176,0.5678694844245911,0.6448739171028137,0.002726617269217968,0.5562472343444824,0.5561888813972473,-0.0057833134196698666,0.5636839270591736,0.48717308044433594,-0.015429861843585968,0.520693838596344,0.6337241530418396,-0.017404263839125633,0.4513236880302429,0.6546451449394226,-0.027328142896294594,0.4691999554634094,0.6908726096153259,-0.029445623978972435,0.4944983422756195,0.6920286417007446,-0.0301633570343256,0.51195228099823,0.6965722441673279,-0.028915690258145332,0.44322898983955383,0.7179616689682007,-0.03570559620857239,0.4657694697380066,0.7450941801071167,-0.0298604778945446,0.4925587475299835,0.7435702085494995,-0.026960520073771477,0.5082252621650696,0.7656205296516418,-0.03875308111310005,0.44532105326652527,0.7793852090835571,-0.04434466361999512,0.46893179416656494,0.8017026782035828,-0.03134780004620552,0.4951440691947937,0.799810528755188,-0.023699983954429626,0.5090106725692749,0.8362432718276978,-0.047574784606695175,0.45669499039649963,0.8398174047470093,-0.05177854374051094,0.4771023094654083,0.8535845279693604,-0.04088119789958,0.500853419303894,0.8513595461845398,-0.032028455287218094,0.0,0.0,0.0,0.0,0.0,0.0,0.0,0.0,0.0,0.0,0.0,0.0,0.0,0.0,0.0,0.0,0.0,0.0,0.0,0.0,0.0,0.0,0.0,0.0,0.0,0.0,0.0,0.0,0.0,0.0,0.0,0.0,0.0,0.0,0.0,0.0,0.0,0.0,0.0,0.0,0.0,0.0,0.0,0.0,0.0,0.0,0.0,0.0,0.0,0.0,0.0,0.0,0.0,0.0,0.0,0.0,0.0,0.0,0.0,0.0,0.0,0.0,0.0,Thanks
0.6030505895614624,0.8674474358558655,-2.8804740281884733e-07,0.5923378467559814,0.7508364915847778,0.008134611882269382,0.5686706304550171,0.6442856192588806,0.002166432561352849,0.5561792254447937,0.5569822192192078,-0.006348016671836376,0.5628665685653687,0.48829829692840576,-0.01585603877902031,0.5205960869789124,0.6335787177085876,-0.019055398181080818,0.4498610496520996,0.6507360935211182,-0.029395362362265587,0.4671648442745209,0.6871963143348694,-0.03107236512005329,0.49273285269737244,0.6898149251937866,-0.031192824244499207,0.5118072032928467,0.696412980556488,-0.030100567266345024,0.44237348437309265,0.7155298590660095,-0.03713993728160858,0.46473079919815063,0.7438222765922546,-0.030711272731423378,0.4915737211704254,0.742652177810669,-0.027343150228261948,0.5079107284545898,0.7649110555648804,-0.03942235931754112,0.4452159106731415,0.7769936919212341,-0.04504150524735451,0.46818822622299194,0.8003191351890564,-0.0314289852976799,0.49415773153305054,0.7984042167663574,-0.023292843252420425,0.5081382989883423,0.8353319764137268,-0.047742296010255814,0.455450177192688,0.8369473218917847,-0.05177304521203041,0.4754338264465332,0.850901186466217,-0.040550004690885544,0.49894431233406067,0.848726749420166,-0.03144907206296921,0.0,0.0,0.0,0.0,0.0,0.0,0.0,0.0,0.0,0.0,0.0,0.0,0.0,0.0,0.0,0.0,0.0,0.0,0.0,0.0,0.0,0.0,0.0,0.0,0.0,0.0,0.0,0.0,0.0,0.0,0.0,0.0,0.0,0.0,0.0,0.0,0.0,0.0,0.0,0.0,0.0,0.0,0.0,0.0,0.0,0.0,0.0,0.0,0.0,0.0,0.0,0.0,0.0,0.0,0.0,0.0,0.0,0.0,0.0,0.0,0.0,0.0,0.0,Thanks
0.27048298716545105,0.7481477856636047,-9.602049999557494e-08,0.29048606753349304,0.675133228302002,-0.0039049277547746897,0.3307144045829773,0.6334350109100342,-0.016290294006466866,0.36875492334365845,0.6387767791748047,-0.028951866552233696,0.39093589782714844,0.6668875217437744,-0.039686787873506546,0.3461441695690155,0.6084309220314026,-0.03438161313533783,0.40753427147865295,0.6468554139137268,-0.053303852677345276,0.3942103087902069,0.6733458638191223,-0.06001891940832138,0.3737977147102356,0.6693336963653564,-0.06284887343645096,0.34087687730789185,0.6578953266143799,-0.04320955276489258,0.40591514110565186,0.7019308805465698,-0.0573422946035862,0.38683146238327026,0.7196658849716187,-0.05384410545229912,0.36490583419799805,0.7095101475715637,-0.05142426863312721,0.33556172251701355,0.7165448665618896,-0.051730986684560776,0.39442113041877747,0.7574889659881592,-0.06001104414463043,0.3747377097606659,0.7656607031822205,-0.04829508438706398,0.35407352447509766,0.7527443170547485,-0.041080694645643234,0.3287544846534729,0.7771408557891846,-0.0608256533741951,0.3776645064353943,0.8034437298774719,-0.06285837292671204,0.36136743426322937,0.8053513765335083,-0.05217701196670532,0.34224846959114075,0.794162929058075,-0.04509251192212105,0.6618112921714783,0.8485398888587952,-4.36425153793607e-07,0.6441556811332703,0.7416102886199951,0.004876710008829832,0.6139248013496399,0.6409075260162354,-0.0035428733099251986,0.5982621312141418,0.5569133162498474,-0.01367583405226469,0.6047868728637695,0.49035415053367615,-0.025050785392522812,0.5790600776672363,0.6433621048927307,-0.029528586193919182,0.5122488737106323,0.6593378186225891,-0.04172400385141373,0.5299548506736755,0.6871791481971741,-0.04423355683684349,0.5534328818321228,0.6866714358329773,-0.04541344568133354,0.5781614780426025,0.7079444527626038,-0.04016004502773285,0.5110496282577515,0.7262662649154663,-0.04999614506959915,0.5339720845222473,0.7448155283927917,-0.044276997447013855,0.5605241656303406,0.7413090467453003,-0.04196437820792198,0.5805175304412842,0.7745206356048584,-0.04884297400712967,0.5186057686805725,0.7860424518585205,-0.05685785040259361,0.5413699746131897,0.7978619337081909,-0.04442755505442619,0.566720187664032,0.7925822138786316,-0.03746543079614639,0.5851404070854187,0.8382003903388977,-0.056637730449438095,0.5338078141212463,0.839570939540863,-0.061444465070962906,0.5530399680137634,0.8452510833740234,-0.05058172345161438,0.5754327178001404,0.8404566645622253,-0.0427338071167469,Yes
0.2644893229007721,0.7731367945671082,-1.1159571045027405e-07,0.28587546944618225,0.6912143230438232,0.0017375026363879442,0.3266156315803528,0.6468892693519592,-0.007969899103045464,0.36357226967811584,0.6512913107872009,-0.018948251381516457,0.3859727680683136,0.6775689125061035,-0.028107423335313797,0.3444923460483551,0.615691602230072,-0.028497284278273582,0.40796351432800293,0.6505476832389832,-0.0443241223692894,0.39439064264297485,0.6772167086601257,-0.04930141195654869,0.3724253177642822,0.6745320558547974,-0.05107736587524414,0.3398916721343994,0.6652535200119019,-0.03894346207380295,0.40561753511428833,0.702678382396698,-0.04934544116258621,0.38698235154151917,0.7213236093521118,-0.0446823425590992,0.3647712469100952,0.714833676815033,-0.04216557741165161,0.3343872129917145,0.7243958711624146,-0.0484345480799675,0.395222008228302,0.760623574256897,-0.05378344655036926,0.37449175119400024,0.7687397599220276,-0.0412072092294693,0.35195136070251465,0.7576227784156799,-0.03403375670313835,0.32630932331085205,0.785123884677887,-0.058012235909700394,0.3780222237110138,0.8091729879379272,-0.057634592056274414,0.36076682806015015,0.8109080791473389,-0.0455428771674633,0.3392505347728729,0.8008253574371338,-0.037718988955020905,0.6663605570793152,0.8398059010505676,-2.858657524029695e-07,0.649057149887085,0.7371436953544617,0.003369429148733616,0.6192206144332886,0.6432019472122192,-0.0058675492182374,0.6049214601516724,0.5650316476821899,-0.01645817793905735,0.6108881831169128,0.5004786252975464,-0.028041988611221313,0.5883673429489136,0.6455845236778259,-0.030146874487400055,0.5193321108818054,0.6611092686653137,-0.043360669165849686,0.5341790318489075,0.6905617713928223,-0.045815132558345795,0.5587137937545776,0.6946690082550049,-0.046211764216423035,0.5874099731445312,0.7068208456039429,-0.03957686200737953,0.518143892288208,0.7270711660385132,-0.049007598310709,0.5378915071487427,0.7461376786231995,-0.0430716872215271,0.5625531077384949,0.743446409702301,-0.04064188152551651,0.5890159606933594,0.7718883752822876,-0.047418225556612015,0.5277320146560669,0.7849499583244324,-0.05594445392489433,0.5488570928573608,0.7976138591766357,-0.0441121831536293,0.5726390480995178,0.7944130301475525,-0.03716466948390007,0.5922312140464783,0.8357558250427246,-0.05428211763501167,0.5400454998016357,0.8365780711174011,-0.0602574348449707,0.5580334067344666,0.8420894145965576,-0.05052205175161362,0.579581081867218,0.838947057723999,-0.043107230216264725,Yes
0.2585655152797699,0.7937480807304382,-1.379534211309874e-07,0.28223568201065063,0.7114185690879822,0.0022851291578263044,0.32386040687561035,0.6647873520851135,-0.0070566171780228615,0.35986125469207764,0.6651785373687744,-0.01838398352265358,0.38159728050231934,0.6883242726325989,-0.028008433058857918,0.34456661343574524,0.6277011632919312,-0.023553991690278053,0.4071977734565735,0.657078742980957,-0.03948945924639702,0.3967399001121521,0.6902790665626526,-0.046370282769203186,0.37621286511421204,0.691240131855011,-0.04982221871614456,0.3410898447036743,0.6762290000915527,-0.03495128080248833,0.4057348966598511,0.7145916223526001,-0.044592369347810745,0.38844776153564453,0.7355963587760925,-0.04161296412348747,0.36665579676628113,0.7274520993232727,-0.04085903614759445,0.3363983929157257,0.7364653944969177,-0.0457596629858017,0.3955940306186676,0.774302065372467,-0.05047505348920822,0.375288188457489,0.7835743427276611,-0.039370156824588776,0.3536457121372223,0.7712266445159912,-0.033816564828157425,0.329410582780838,0.7996772527694702,-0.05679880827665329,0.380053848028183,0.8230144381523132,-0.05588177964091301,0.36168572306632996,0.8257140517234802,-0.0440102145075798,0.34014472365379333,0.8148123025894165,-0.03668058663606644,0.6698287725448608,0.8450924158096313,-2.959839093819028e-07,0.6531916260719299,0.7444406747817993,0.004041451495140791,0.6228232383728027,0.6492582559585571,-0.004561350215226412,0.6074747443199158,0.5703004002571106,-0.014422395266592503,0.6139885783195496,0.50578773021698,-0.025275465101003647,0.5938722491264343,0.6493459343910217,-0.030018361285328865,0.5221526026725769,0.6653004884719849,-0.04331614449620247,0.5369926691055298,0.6953025460243225,-0.04547910392284393,0.5616868138313293,0.6989306211471558,-0.04552699625492096,0.5924805998802185,0.70882648229599,-0.039435796439647675,0.5204232931137085,0.7330992221832275,-0.04920461028814316,0.5412507653236389,0.7521186470985413,-0.043067678809165955,0.5665616989135742,0.7482268810272217,-0.04013640061020851,0.5937014222145081,0.7727135419845581,-0.04717867448925972,0.5295308828353882,0.7900646328926086,-0.05638355389237404,0.5522188544273376,0.8027220368385315,-0.04447906091809273,0.5769467353820801,0.7984334230422974,-0.03703378513455391,0.596930980682373,0.8359879851341248,-0.05378742516040802,0.5430514216423035,0.8389923572540283,-0.06076589226722717,0.5622106194496155,0.8448819518089294,-0.05144364759325981,0.5846778750419617,0.8410845994949341,-0.04388648271560669,Yes
0.2609471082687378,0.8177561163902283,-1.8614788643844804e-07,0.2797242999076843,0.723945677280426,-1.6375264749513008e-05,0.3135344386100769,0.6406676173210144,-0.009258486330509186,0.3301409184932709,0.5750681757926941,-0.019938752055168152,0.3277607858181,0.5217767953872681,-0.02843509614467621,0.34901294112205505,0.6280786991119385,-0.023471059277653694,0.41299253702163696,0.666449785232544,-0.038502659648656845,0.39659327268600464,0.6924513578414917,-0.04459809139370918,0.37408962845802307,0.6870877146720886,-0.048043783754110336,0.3455117642879486,0.6785421371459961,-0.03390023112297058,0.40855664014816284,0.7215458154678345,-0.04320751130580902,0.38700413703918457,0.7362229824066162,-0.040034063160419464,0.36450859904289246,0.7250137329101562,-0.03960558772087097,0.33977916836738586,0.7399975061416626,-0.04392455890774727,0.39788636565208435,0.7767432332038879,-0.04930520057678223,0.3755636215209961,0.7835625410079956,-0.03841692581772804,0.35353225469589233,0.77106773853302,-0.03323591127991676,0.3324034810066223,0.8037754893302917,-0.054162248969078064,0.38294070959091187,0.8264109492301941,-0.054790254682302475,0.36449679732322693,0.8285992741584778,-0.043912358582019806,0.3437349498271942,0.8190659880638123,-0.03722353279590607,0.6691959500312805,0.8452569842338562,-2.8354898518045957e-07,0.6534165740013123,0.7438804507255554,0.0038973973132669926,0.6238684058189392,0.6493416428565979,-0.005182928871363401,0.6093047857284546,0.5719318389892578,-0.015592541545629501,0.6148567199707031,0.5072697997093201,-0.027123648673295975,0.5942216515541077,0.649681568145752,-0.03092491440474987,0.5220228433609009,0.6672282814979553,-0.04521867632865906,0.5381285548210144,0.6939558386802673,-0.04832850396633148,0.5630910992622375,0.6953250765800476,-0.048982173204422,0.593998372554779,0.7100672125816345,-0.04073084145784378,0.5214871168136597,0.7322670221328735,-0.051223937422037125,0.5429750084877014,0.7488095760345459,-0.04566995054483414,0.5682116746902466,0.745817244052887,-0.04318712651729584,0.5962862968444824,0.7743492722511292,-0.04888908192515373,0.5313606262207031,0.7899525761604309,-0.05869191139936447,0.5544978976249695,0.8010368347167969,-0.04696724936366081,0.5791326761245728,0.7973785996437073,-0.039685413241386414,0.6006234884262085,0.8377227783203125,-0.055938687175512314,0.5457367897033691,0.8401395082473755,-0.06350268423557281,0.5651116967201233,0.8445079326629639,-0.054227314889431,0.5875015258789062,0.8406720757484436,-0.046729542315006256,Yes
0.26166167855262756,0.816278874874115,-2.2327782289721654e-07,0.27874940633773804,0.7220421433448792,-0.002086025895550847,0.3090071678161621,0.6280416250228882,-0.012685327790677547,0.3204130232334137,0.5538184642791748,-0.025000425055623055,0.3128208816051483,0.49330493807792664,-0.034826356917619705,0.34922370314598083,0.6290073394775391,-0.022946149110794067,0.41494983434677124,0.6680588722229004,-0.04051331803202629,0.396528959274292,0.6941654682159424,-0.04893241077661514,0.3725389838218689,0.6872670650482178,-0.05404170602560043,0.34489262104034424,0.6815468072891235,-0.03358986973762512,0.4115113914012909,0.7240437269210815,-0.043850164860486984,0.38849112391471863,0.7380802035331726,-0.041701335459947586,0.36485475301742554,0.7251759767532349,-0.042695820331573486,0.3390309512615204,0.7432405948638916,-0.04448072984814644,0.3994365334510803,0.7796342372894287,-0.05145571008324623,0.37641283869743347,0.7855459451675415,-0.04116857424378395,0.3538929522037506,0.7714564800262451,-0.03684750571846962,0.33200475573539734,0.8055070638656616,-0.05577319860458374,0.38462769985198975,0.8273380994796753,-0.0571451298892498,0.36457139253616333,0.8278340697288513,-0.046454109251499176,0.3415420353412628,0.8159071207046509,-0.04051706939935684,0.6690546870231628,0.8445348739624023,-2.7699667271008366e-07,0.6531768441200256,0.7437416911125183,0.0037136198952794075,0.6239657402038574,0.6489531993865967,-0.005365646444261074,0.6091907620429993,0.572092592716217,-0.0155398054048419,0.6146743893623352,0.5075588226318359,-0.026820175349712372,0.5948672890663147,0.6504555344581604,-0.031289130449295044,0.5232818722724915,0.667874813079834,-0.04523548111319542,0.5397595167160034,0.6923252940177917,-0.04829036444425583,0.5641472935676575,0.6925873756408691,-0.04897508770227432,0.5949183702468872,0.7108247876167297,-0.040779002010822296,0.5223643779754639,0.7322185039520264,-0.05067736282944679,0.543816328048706,0.7471294403076172,-0.045006342232227325,0.5687217712402344,0.7441078424453735,-0.04264906421303749,0.5973796248435974,0.774506151676178,-0.04856668412685394,0.5323487520217896,0.788791298866272,-0.05788614973425865,0.5550217628479004,0.7982966899871826,-0.046236950904130936,0.5792385339736938,0.7945215106010437,-0.039156004786491394,0.6015657186508179,0.8372448086738586,-0.05522941052913666,0.5462636947631836,0.8385726809501648,-0.06252920627593994,0.5654675960540771,0.8418329954147339,-0.05325624346733093,0.5877375602722168,0.838003396987915,-0.04583887755870819,Yes
0.2641924321651459,0.8187746405601501,-2.1784691739412665e-07,0.28131377696990967,0.725235104560852,-0.0028675710782408714,0.3109469711780548,0.6310997605323792,-0.014072658494114876,0.32004693150520325,0.5552290678024292,-0.026670634746551514,0.3122965395450592,0.4928652048110962,-0.036861397325992584,0.34850257635116577,0.6276766061782837,-0.025007426738739014,0.41401126980781555,0.6649155616760254,-0.043421369045972824,0.39617082476615906,0.6920765042304993,-0.05196015164256096,0.37282371520996094,0.6860656142234802,-0.05692649260163307,0.34505319595336914,0.6796881556510925,-0.03512170910835266,0.41074103116989136,0.7212027907371521,-0.0464463010430336,0.38857507705688477,0.7365491986274719,-0.04441841319203377,0.3654527962207794,0.7237224578857422,-0.04501781985163689,0.3406596779823303,0.7418193817138672,-0.04540983587503433,0.39961323142051697,0.7783305048942566,-0.052632953971624374,0.3772408366203308,0.785686731338501,-0.041911765933036804,0.35526883602142334,0.7716404795646667,-0.037003371864557266,0.3355991542339325,0.8051816821098328,-0.05616912990808487,0.38549113273620605,0.8262243270874023,-0.057281773537397385,0.36639904975891113,0.8288132548332214,-0.046312227845191956,0.3453372120857239,0.8186357617378235,-0.039927590638399124,0.6691990494728088,0.8410335779190063,-2.6132454422622686e-07,0.653064489364624,0.7410277128219604,0.0033046493772417307,0.623316764831543,0.6468669772148132,-0.006219131872057915,0.609175443649292,0.5702118873596191,-0.01676030270755291,0.6153880953788757,0.5058101415634155,-0.02835681661963463,0.5954789519309998,0.649398684501648,-0.0320681557059288,0.524316668510437,0.6683819890022278,-0.046407170593738556,0.5412352681159973,0.6914000511169434,-0.049935195595026016,0.5654460787773132,0.6899257302284241,-0.05098225176334381,0.5956821441650391,0.7100338339805603,-0.041506484150886536,0.5232759714126587,0.7315540909767151,-0.051721129566431046,0.5445141196250916,0.7449358105659485,-0.04620363190770149,0.5691421627998352,0.7406192421913147,-0.04394347220659256,0.5981240272521973,0.7735770344734192,-0.04925362020730972,0.5317587852478027,0.7864328622817993,-0.058855123817920685,0.5540171265602112,0.7954177260398865,-0.04709631949663162,0.5781448483467102,0.7915679216384888,-0.039886511862277985,0.6023642420768738,0.835893988609314,-0.05593228340148926,0.5472385287284851,0.8378015160560608,-0.063603475689888,0.5662966966629028,0.8406515121459961,-0.05446971207857132,0.5885944366455078,0.8365076780319214,-0.04706861823797226,Yes
0.267363965511322,0.8231634497642517,-2.150409699197553e-07,0.2831817865371704,0.7286269068717957,-0.003536728909239173,0.311947762966156,0.6312617063522339,-0.014925745315849781,0.3208143413066864,0.5533219575881958,-0.02755529247224331,0.3118826448917389,0.49083173274993896,-0.037612125277519226,0.34849458932876587,0.6272369027137756,-0.026178231462836266,0.41468262672424316,0.663131594657898,-0.04472536966204643,0.39671590924263,0.6920217275619507,-0.05292434245347977,0.37351828813552856,0.6864758729934692,-0.05777996405959129,0.34518906474113464,0.6788002252578735,-0.036086902022361755,0.41136178374290466,0.7198767066001892,-0.04762161895632744,0.3892296254634857,0.7369579076766968,-0.04544549062848091,0.3665219843387604,0.7243869304656982,-0.046048443764448166,0.3407803177833557,0.7408061623573303,-0.04619213938713074,0.40006303787231445,0.7776067852973938,-0.0538259819149971,0.3776093125343323,0.7863901853561401,-0.043185047805309296,0.3559176027774811,0.772689700126648,-0.03836045786738396,0.33574628829956055,0.8040462732315063,-0.05679504573345184,0.3858872056007385,0.82541424036026,-0.058106254786252975,0.36710986495018005,0.8288582563400269,-0.04743136465549469,0.34660831093788147,0.8189929127693176,-0.041354890912771225,0.6680145859718323,0.8392492532730103,-2.6412658371555153e-07,0.6537356376647949,0.7402270436286926,0.0030430711340159178,0.6242499351501465,0.645944356918335,-0.006253649014979601,0.6099976301193237,0.5689952969551086,-0.01654946245253086,0.6157622337341309,0.505183219909668,-0.02790464274585247,0.5954866409301758,0.645018994808197,-0.032045237720012665,0.5244969129562378,0.6656023859977722,-0.04651549085974693,0.5406222939491272,0.6904283165931702,-0.04986797273159027,0.5646964311599731,0.6891804337501526,-0.05071477219462395,0.5962788462638855,0.7059690952301025,-0.041461605578660965,0.5231916308403015,0.7300677299499512,-0.0525410957634449,0.5446323156356812,0.743571937084198,-0.0471380352973938,0.5697553157806396,0.7385087013244629,-0.044588591903448105,0.5991249680519104,0.7700457572937012,-0.049263037741184235,0.5326086282730103,0.7857920527458191,-0.059719234704971313,0.5552717447280884,0.7944757342338562,-0.04814688116312027,0.5796270966529846,0.7899844646453857,-0.0406983308494091,0.6037134528160095,0.832849383354187,-0.05598998814821243,0.5481365919113159,0.8356578350067139,-0.06409608572721481,0.5670996904373169,0.838720977306366,-0.05517080798745155,0.5893537402153015,0.8343173265457153,-0.047775715589523315,Yes
0.26273757219314575,0.8206656575202942,-2.3229215173614648e-07,0.2793338894844055,0.7255333662033081,-0.004548879340291023,0.3098736107349396,0.6267470717430115,-0.01531747356057167,0.31977567076683044,0.5485743284225464,-0.027147948741912842,0.3105984628200531,0.48660963773727417,-0.03629057854413986,0.34816908836364746,0.6253793835639954,-0.02454778365790844,0.4148993492126465,0.663167417049408,-0.04281096160411835,0.3968478739261627,0.6906470060348511,-0.0508548729121685,0.3735353946685791,0.6847304701805115,-0.055668700486421585,0.3450700640678406,0.6780611872673035,-0.03396809846162796,0.4120865762233734,0.7198491096496582,-0.045848045498132706,0.3887867331504822,0.7361092567443848,-0.044033363461494446,0.3655676245689392,0.7241474986076355,-0.04460335895419121,0.34058940410614014,0.7409127354621887,-0.043806176632642746,0.4009605348110199,0.7777854204177856,-0.052109699696302414,0.3777208924293518,0.7850316166877747,-0.042305417358875275,0.3555610179901123,0.7714676260948181,-0.03768285736441612,0.3355882167816162,0.8047096133232117,-0.05419394373893738,0.38620078563690186,0.8251215815544128,-0.05595483258366585,0.36678192019462585,0.8273727893829346,-0.045954905450344086,0.345818430185318,0.8177014589309692,-0.040167395025491714,0.6696226596832275,0.8382291793823242,-2.6402079811305157e-07,0.6548166871070862,0.740204930305481,0.0025432822294533253,0.6250590085983276,0.6457075476646423,-0.006844318006187677,0.6107944846153259,0.5691044926643372,-0.017172852531075478,0.6169320344924927,0.5046704411506653,-0.028359513729810715,0.595668613910675,0.6454042196273804,-0.031292177736759186,0.5244384407997131,0.6654876470565796,-0.04681118577718735,0.5413866639137268,0.6901010870933533,-0.05088561400771141,0.5659789443016052,0.6890075206756592,-0.05193820968270302,0.5957677960395813,0.7059046626091003,-0.04050028324127197,0.5235158801078796,0.7305426001548767,-0.052292581647634506,0.5459438562393188,0.7436843514442444,-0.04721648991107941,0.5710757374763489,0.7385074496269226,-0.0446879044175148,0.5981634259223938,0.7695918679237366,-0.048348553478717804,0.5333377718925476,0.7859615683555603,-0.059536103159189224,0.5567834377288818,0.7938184142112732,-0.04832042381167412,0.5812526941299438,0.7888278365135193,-0.04085639491677284,0.6022738218307495,0.8315456509590149,-0.05516601353883743,0.5479307174682617,0.8351652026176453,-0.06351255625486374,0.5673995018005371,0.8382462859153748,-0.054787348955869675,0.5895061492919922,0.8336282968521118,-0.047373585402965546,Yes
0.25737884640693665,0.8103345632553101,-2.3316486874591646e-07,0.2759161591529846,0.7175437808036804,-0.0036119932774454355,0.30957528948783875,0.6244202852249146,-0.014424975030124187,0.32067859172821045,0.5471614003181458,-0.02642526477575302,0.31204915046691895,0.4843136668205261,-0.03607242926955223,0.34874507784843445,0.6175642013549805,-0.023570876568555832,0.41345149278640747,0.6584435105323792,-0.04048611596226692,0.39654436707496643,0.6857250928878784,-0.04893355444073677,0.37373679876327515,0.6783466935157776,-0.054379742592573166,0.3444322645664215,0.6671585440635681,-0.03322075679898262,0.41018253564834595,0.7130683064460754,-0.04266073927283287,0.3885304927825928,0.7299112677574158,-0.04082006588578224,0.3663109838962555,0.7170804142951965,-0.04222562909126282,0.3389611840248108,0.7292424440383911,-0.043026864528656006,0.39904916286468506,0.7683364748954773,-0.04909149184823036,0.3766826391220093,0.7769037485122681,-0.03878750652074814,0.3548114597797394,0.7632547616958618,-0.03466685488820076,0.3327792286872864,0.7938827276229858,-0.0534193217754364,0.3858323395252228,0.8168792128562927,-0.053918082267045975,0.36625102162361145,0.8200440406799316,-0.04301385208964348,0.34363240003585815,0.8101670145988464,-0.03694700449705124,0.6708055138587952,0.8311700224876404,-2.718479379382188e-07,0.6567151546478271,0.7333022952079773,0.002891091862693429,0.6260272264480591,0.6399434208869934,-0.005779973231256008,0.6118271946907043,0.5641695261001587,-0.015861188992857933,0.6178978681564331,0.5015961527824402,-0.02688193880021572,0.598474383354187,0.6406940817832947,-0.029800161719322205,0.5262033939361572,0.6584296226501465,-0.04604865983128548,0.5417711138725281,0.683811604976654,-0.050891611725091934,0.5665398836135864,0.6829867362976074,-0.05233953148126602,0.5986023545265198,0.7010136246681213,-0.03951987251639366,0.5250694155693054,0.7218384146690369,-0.052218157798051834,0.5463191866874695,0.7373713850975037,-0.04771667718887329,0.5720364451408386,0.7327455878257751,-0.04523538053035736,0.6009687185287476,0.7650406360626221,-0.048010021448135376,0.5340429544448853,0.7778230905532837,-0.060032445937395096,0.5568951368331909,0.7894998788833618,-0.04846060276031494,0.5821282863616943,0.7859143018722534,-0.040405772626399994,0.6052402853965759,0.8283746838569641,-0.055566396564245224,0.5499239563941956,0.8293641805648804,-0.06460057199001312,0.5686886310577393,0.8350306749343872,-0.05559569224715233,0.5917150378227234,0.8319418430328369,-0.0477975532412529,Yes
0.25491175055503845,0.7951865196228027,-2.198059405600361e-07,0.2769124507904053,0.6987248063087463,0.0018521525198593736,0.31233641505241394,0.6187794804573059,-0.006784964818507433,0.3298974335193634,0.553254246711731,-0.017401907593011856,0.3258383572101593,0.5007670521736145,-0.025924915447831154,0.34835585951805115,0.6035140156745911,-0.01942428946495056,0.41104429960250854,0.6455162763595581,-0.03467242047190666,0.39412567019462585,0.6718330979347229,-0.04185036942362785,0.37122398614883423,0.6647404432296753,-0.04636426642537117,0.34390097856521606,0.6516268849372864,-0.030977554619312286,0.40905195474624634,0.6967187523841858,-0.039770737290382385,0.3879046142101288,0.7141425013542175,-0.036765798926353455,0.36520907282829285,0.704383909702301,-0.03676954656839371,0.338172048330307,0.7120839953422546,-0.04224313795566559,0.3981734812259674,0.7521579265594482,-0.0472102053463459,0.37626931071281433,0.7621949315071106,-0.03632410243153572,0.3546626567840576,0.7502304315567017,-0.031407274305820465,0.33103853464126587,0.7763232588768005,-0.053710050880908966,0.38266101479530334,0.8014642000198364,-0.05294457823038101,0.36410003900527954,0.8052569031715393,-0.04160631075501442,0.343221515417099,0.7961615920066833,-0.034990713000297546,0.6738244891166687,0.8218278884887695,-2.687971800696687e-07,0.658272922039032,0.7243537902832031,0.003177851904183626,0.6272999048233032,0.630158543586731,-0.005706815980374813,0.6132848858833313,0.5541685819625854,-0.0160962026566267,0.619188666343689,0.4902289807796478,-0.027351759374141693,0.5994156002998352,0.6292877793312073,-0.028642907738685608,0.5284088253974915,0.6511490345001221,-0.044994451105594635,0.5439639687538147,0.677740752696991,-0.04975946620106697,0.5682904124259949,0.6750699281692505,-0.051018670201301575,0.5993903875350952,0.6893215179443359,-0.03858505189418793,0.5261847972869873,0.712329626083374,-0.05113038793206215,0.5474090576171875,0.7290272116661072,-0.04633213207125664,0.5728563666343689,0.7229787111282349,-0.043522097170352936,0.6019189357757568,0.7532973289489746,-0.04736674576997757,0.5340211987495422,0.7670231461524963,-0.05921802297234535,0.5568252801895142,0.7798235416412354,-0.04741847142577171,0.5822019577026367,0.7756742835044861,-0.039128031581640244,0.6064616441726685,0.816785991191864,-0.05522660166025162,0.549654483795166,0.8185187578201294,-0.06395380944013596,0.5678299069404602,0.824253261089325,-0.05490093678236008,0.591145932674408,0.8207509517669678,-0.04695245251059532,Yes
0.2536754906177521,0.7804602980613708,-1.6711882722120208e-07,0.278567910194397,0.6912401914596558,0.0049629006534814835,0.32142478227615356,0.6431925296783447,-0.003497945610433817,0.35979393124580383,0.6454195380210876,-0.014813406392931938,0.38326194882392883,0.6662024259567261,-0.024360042065382004,0.34556302428245544,0.5949503183364868,-0.01836398057639599,0.40668055415153503,0.6310615539550781,-0.032686393707990646,0.3925061523914337,0.657207727432251,-0.03894316777586937,0.373023122549057,0.6545959711074829,-0.04271255061030388,0.3415184020996094,0.6401777863502502,-0.030715415254235268,0.4066320061683655,0.6843250393867493,-0.039414357393980026,0.3874976634979248,0.7007468342781067,-0.03607361391186714,0.3666065037250519,0.6930841207504272,-0.03547196462750435,0.33715033531188965,0.6968908309936523,-0.042462147772312164,0.39728185534477234,0.7380352020263672,-0.04605717584490776,0.375546395778656,0.7462498545646667,-0.03518735617399216,0.3542197644710541,0.7348458766937256,-0.03006824105978012,0.33060628175735474,0.7566885352134705,-0.054446108639240265,0.38269978761672974,0.7834530472755432,-0.051489394158124924,0.363710880279541,0.7867883443832397,-0.03972909227013588,0.3424091339111328,0.7768895626068115,-0.03286921605467796,0.6751570701599121,0.8126299977302551,-2.670441858754202e-07,0.6589462161064148,0.7158800363540649,0.003273422596976161,0.6272531747817993,0.6213517189025879,-0.005698780994862318,0.6130066514015198,0.5441105961799622,-0.016176123172044754,0.6197978258132935,0.47967565059661865,-0.027460571378469467,0.5998154282569885,0.6209771633148193,-0.02895352616906166,0.5291537046432495,0.641617476940155,-0.045209091156721115,0.5448947548866272,0.6691989302635193,-0.05017849802970886,0.5691320896148682,0.6661145091056824,-0.05176418274641037,0.6002008318901062,0.6814711689949036,-0.03907691314816475,0.5265875458717346,0.7055383324623108,-0.05175837129354477,0.5484990477561951,0.7220644950866699,-0.046839047223329544,0.5742453336715698,0.7145098447799683,-0.043874409049749374,0.6032212972640991,0.7453604936599731,-0.04803592711687088,0.5352240800857544,0.76070636510849,-0.059796061366796494,0.5581580996513367,0.7726491689682007,-0.04788941517472267,0.5836218595504761,0.7669525146484375,-0.039444297552108765,0.6083762645721436,0.8084349036216736,-0.05610339343547821,0.551108181476593,0.8106911182403564,-0.06441681832075119,0.568879246711731,0.8155538439750671,-0.055199190974235535,0.592287540435791,0.8115118145942688,-0.04719220846891403,Yes
0.2585425078868866,0.7755559086799622,-1.5505749217936682e-07,0.2814807891845703,0.6882911920547485,0.0025556657928973436,0.3212014138698578,0.6311596035957336,-0.006064380519092083,0.35103991627693176,0.6073747277259827,-0.01678980328142643,0.36056604981422424,0.5989870429039001,-0.025689510628581047,0.35027822852134705,0.5866178274154663,-0.020525125786662102,0.4106772541999817,0.6262348890304565,-0.03519405052065849,0.3949776887893677,0.6526144742965698,-0.04155333712697029,0.3754368722438812,0.6492317914962769,-0.04541005566716194,0.3455198109149933,0.6328534483909607,-0.031635213643312454,0.41038259863853455,0.6821796894073486,-0.0410870686173439,0.38966092467308044,0.6979870200157166,-0.03804441913962364,0.3690272569656372,0.688947319984436,-0.037462588399648666,0.3403978943824768,0.6909018754959106,-0.04230554774403572,0.40034446120262146,0.7369861006736755,-0.04715123772621155,0.3780932128429413,0.7433382868766785,-0.037420812994241714,0.3574717342853546,0.7302355766296387,-0.032807908952236176,0.3338354527950287,0.751324474811554,-0.053204961121082306,0.38422080874443054,0.7823777198791504,-0.051557764410972595,0.36566027998924255,0.7843456268310547,-0.04119496047496796,0.34611645340919495,0.7730480432510376,-0.03511601313948631,0.6742592453956604,0.8107237815856934,-2.7666490609590255e-07,0.6577633023262024,0.7134077548980713,0.0031670101452618837,0.6264738440513611,0.6190491318702698,-0.005883224308490753,0.6117973923683167,0.5422667264938354,-0.01617973856627941,0.6179843544960022,0.47790154814720154,-0.027569225057959557,0.5981215834617615,0.6196114420890808,-0.02980847656726837,0.5278534293174744,0.6407309174537659,-0.04417756199836731,0.5429383516311646,0.6679309606552124,-0.04811905696988106,0.5666556358337402,0.666395366191864,-0.04948167875409126,0.5995101928710938,0.6796602606773376,-0.03957623243331909,0.5261210799217224,0.7045322060585022,-0.05077536776661873,0.547430694103241,0.7199888229370117,-0.04578208923339844,0.5730715394020081,0.7144825458526611,-0.043217893689870834,0.603454053401947,0.7427918910980225,-0.047864221036434174,0.5356524586677551,0.7604491710662842,-0.058398399502038956,0.5583963990211487,0.769683301448822,-0.04695885255932808,0.5831864476203918,0.7643117308616638,-0.039401449263095856,0.6093857884407043,0.8048487901687622,-0.055149875581264496,0.5521837472915649,0.8100433349609375,-0.06329813599586487,0.5705711841583252,0.8129053711891174,-0.054383620619773865,0.5932155847549438,0.8077821731567383,-0.04687502980232239,Yes
0.2641683518886566,0.775122880935669,-1.989958491321886e-07,0.2847950756549835,0.6880747675895691,-0.004056114237755537,0.3161487579345703,0.5960333347320557,-0.015060803852975368,0.32594022154808044,0.5197700262069702,-0.026785751804709435,0.3174419701099396,0.45861557126045227,-0.036146149039268494,0.3526124060153961,0.5866563320159912,-0.02547280862927437,0.4162876307964325,0.6319504380226135,-0.04104095324873924,0.39832204580307007,0.657163679599762,-0.04796915501356125,0.37648212909698486,0.649700939655304,-0.052893463522195816,0.3495062589645386,0.6356565952301025,-0.034519948065280914,0.4135597348213196,0.6861743927001953,-0.044122807681560516,0.3915347158908844,0.7007936835289001,-0.04196680337190628,0.36908113956451416,0.6883958578109741,-0.043189432471990585,0.34446361660957336,0.6959136128425598,-0.04353799670934677,0.4040815234184265,0.7382718324661255,-0.05014380067586899,0.3815935552120209,0.7451696395874023,-0.04069673269987106,0.35918644070625305,0.7315982580184937,-0.037057701498270035,0.3389092683792114,0.7579193115234375,-0.05299125239253044,0.3866221010684967,0.7832779288291931,-0.0551421195268631,0.3677852153778076,0.7858786582946777,-0.046149078756570816,0.34668758511543274,0.7750983834266663,-0.041248176246881485,0.6724663376808167,0.8135926723480225,-2.7331512342243514e-07,0.6552995443344116,0.715485155582428,0.0027056836988776922,0.6249541640281677,0.6219837665557861,-0.006710300222039223,0.610962450504303,0.5463407635688782,-0.017423368990421295,0.6165323853492737,0.4825953245162964,-0.028931643813848495,0.597075343132019,0.6228997707366943,-0.029078934341669083,0.5257340669631958,0.6419256925582886,-0.04505743458867073,0.542108416557312,0.669002115726471,-0.04994284734129906,0.5665643215179443,0.6679802536964417,-0.05155891180038452,0.5974709987640381,0.6830785870552063,-0.03861759975552559,0.524733304977417,0.708390474319458,-0.05124683678150177,0.5475015640258789,0.7239441275596619,-0.04672349989414215,0.5734561681747437,0.7176205515861511,-0.04417518153786659,0.6002424359321594,0.7461839914321899,-0.046998217701911926,0.535252571105957,0.7643523812294006,-0.058681946247816086,0.5589004158973694,0.7734389305114746,-0.04745510220527649,0.5839457511901855,0.7667757272720337,-0.03968258947134018,0.6048715114593506,0.8075846433639526,-0.054433535784482956,0.5502742528915405,0.8126497864723206,-0.0629815012216568,0.5695791244506836,0.8155497312545776,-0.05425197631120682,0.592503011226654,0.8097580671310425,-0.04665954411029816,Yes
0.266998827457428,0.7830615639686584,-2.2075883521210926e-07,0.2880282998085022,0.6934601664543152,-0.0011501512490212917,0.322339802980423,0.6091277003288269,-0.01028434094041586,0.3358788788318634,0.538979172706604,-0.02075471729040146,0.3309599757194519,0.4812678098678589,-0.028706293553113937,0.3535243272781372,0.5951123237609863,-0.020183293148875237,0.4151507616043091,0.6339493989944458,-0.03619910776615143,0.3988170027732849,0.6611197590827942,-0.04329093545675278,0.37701618671417236,0.6545404195785522,-0.04761234670877457,0.3496805429458618,0.6417882442474365,-0.030229132622480392,0.4129951000213623,0.6865668296813965,-0.04035637900233269,0.39317095279693604,0.7029597759246826,-0.03852476179599762,0.37232717871665955,0.6895628571510315,-0.03909878805279732,0.34506598114967346,0.6997013092041016,-0.04034946858882904,0.4033336639404297,0.7421213388442993,-0.04660782590508461,0.3824582099914551,0.751004695892334,-0.036681678146123886,0.36238977313041687,0.7351556420326233,-0.03230100870132446,0.3399900794029236,0.7611021995544434,-0.05086151137948036,0.38777345418930054,0.789140522480011,-0.051517464220523834,0.36860036849975586,0.7930375933647156,-0.041462235152721405,0.3489904999732971,0.7799692153930664,-0.03571205586194992,0.6740152835845947,0.817635178565979,-2.894031183586776e-07,0.6577022671699524,0.7188752293586731,0.0035732686519622803,0.6264024376869202,0.6270121335983276,-0.0055046710185706615,0.61269611120224,0.55173659324646,-0.016097374260425568,0.6197739243507385,0.48835715651512146,-0.02758532017469406,0.5985089540481567,0.6279487609863281,-0.02916092611849308,0.526394784450531,0.6454379558563232,-0.045466769486665726,0.5430797934532166,0.6725047826766968,-0.05040200799703598,0.5684201717376709,0.6726341247558594,-0.05191139131784439,0.5987627506256104,0.6872370839118958,-0.0391351580619812,0.5263150334358215,0.7106989622116089,-0.051140692085027695,0.5485119223594666,0.7278454899787903,-0.04605156183242798,0.5740910172462463,0.7225708365440369,-0.04333873838186264,0.6017910242080688,0.7507298588752747,-0.047900907695293427,0.5372898578643799,0.7667331099510193,-0.05913176387548447,0.5600908994674683,0.7779341340065002,-0.04738593474030495,0.5848070383071899,0.7729485034942627,-0.039317432790994644,0.6069256067276001,0.8128540515899658,-0.055653948336839676,0.5520758628845215,0.8155624270439148,-0.06357050687074661,0.570304811000824,0.8207612633705139,-0.054050564765930176,0.5926761031150818,0.8175814151763916,-0.04599885269999504,Yes
0.2610721290111542,0.7884082794189453,-2.3692552986176452e-07,0.27905696630477905,0.6963037848472595,-0.003685230389237404,0.310295969247818,0.6034301519393921,-0.013796281069517136,0.32158657908439636,0.5284852981567383,-0.02490510232746601,0.3152466416358948,0.4672718644142151,-0.03325779736042023,0.3491120934486389,0.6006042957305908,-0.02186649665236473,0.4129638075828552,0.6397107839584351,-0.03768721967935562,0.39512065052986145,0.6655197143554688,-0.04488986358046532,0.37161514163017273,0.66068434715271,-0.04930117353796959,0.346695214509964,0.650683581829071,-0.030490828678011894,0.4103335440158844,0.6961007714271545,-0.039228733628988266,0.3885098695755005,0.7104726433753967,-0.03699807822704315,0.36623671650886536,0.698218584060669,-0.03787009045481682,0.34289196133613586,0.7108734846115112,-0.03937431424856186,0.4005937874317169,0.7496166229248047,-0.044926561415195465,0.3792135715484619,0.7555784583091736,-0.03548426181077957,0.3577996492385864,0.7424650192260742,-0.031644050031900406,0.33851730823516846,0.7721667885780334,-0.04876042902469635,0.3866431415081024,0.7948597073554993,-0.04890185967087746,0.36748865246772766,0.795613706111908,-0.03885165601968765,0.3461635112762451,0.7846952676773071,-0.03316082805395126,0.6752090454101562,0.8196695446968079,-2.8035279342475405e-07,0.6586875915527344,0.7203643321990967,0.00374077376909554,0.6283749341964722,0.6284292340278625,-0.005986294709146023,0.6151638627052307,0.5522896647453308,-0.016843849793076515,0.6232285499572754,0.48828646540641785,-0.0288237277418375,0.6015916466712952,0.6297367215156555,-0.03355216979980469,0.5284112691879272,0.6465585827827454,-0.047958217561244965,0.5439351797103882,0.672715425491333,-0.05017997324466705,0.5686717629432678,0.6745395064353943,-0.050026897341012955,0.6019684672355652,0.6903918981552124,-0.04335419833660126,0.527804434299469,0.7124481797218323,-0.05429380014538765,0.5493628978729248,0.7282200455665588,-0.04802701622247696,0.5751179456710815,0.724425196647644,-0.04484418034553528,0.6046158671379089,0.7548330426216125,-0.051316097378730774,0.5389173626899719,0.7688161134719849,-0.06124117970466614,0.5615031123161316,0.7790223956108093,-0.04905388131737709,0.5860276222229004,0.7751198410987854,-0.041269171983003616,0.6089730262756348,0.8174774646759033,-0.058106135576963425,0.5527166724205017,0.8179304599761963,-0.06549334526062012,0.5709531903266907,0.8223009705543518,-0.05583081394433975,0.5931145548820496,0.8198211789131165,-0.0480072908103466,Yes
0.2619739770889282,0.7918410897254944,-1.7831737864071329e-07,0.28380051255226135,0.7016123533248901,0.003981846384704113,0.32150545716285706,0.6450283527374268,-0.0053670089691877365,0.351674348115921,0.6273980736732483,-0.017053132876753807,0.3647639751434326,0.6325013637542725,-0.02680533193051815,0.3472263514995575,0.6050205230712891,-0.02176521345973015,0.41068655252456665,0.6423604488372803,-0.03695152327418327,0.39638417959213257,0.6717536449432373,-0.042573846876621246,0.37525972723960876,0.6684853434562683,-0.04559880495071411,0.34429383277893066,0.6533804535865784,-0.03432053327560425,0.4101214110851288,0.6965184807777405,-0.043292198330163956,0.3913358151912689,0.7133957743644714,-0.03966933861374855,0.3698168694972992,0.7034700512886047,-0.03893447667360306,0.34060269594192505,0.7133996486663818,-0.0461188480257988,0.4001718759536743,0.7522140145301819,-0.05000724643468857,0.37943199276924133,0.7601709365844727,-0.03829801827669144,0.35837021470069885,0.7470951080322266,-0.03286660090088844,0.3352000117301941,0.7757046222686768,-0.058067675679922104,0.3846508860588074,0.798268735408783,-0.0553014799952507,0.36610111594200134,0.8014538288116455,-0.04247286915779114,0.34570106863975525,0.7909241914749146,-0.035000838339328766,0.6757654547691345,0.8233745694160461,-2.7745443276216974e-07,0.6603909134864807,0.7243611812591553,0.002798545639961958,0.6298995018005371,0.6301578283309937,-0.006632654462009668,0.6160925030708313,0.5526843070983887,-0.017195602878928185,0.6235558390617371,0.4878543019294739,-0.028708014637231827,0.6021816730499268,0.631547749042511,-0.031042685732245445,0.5299181938171387,0.6479105353355408,-0.04595072939991951,0.5448392033576965,0.6757035851478577,-0.04915962368249893,0.5689359307289124,0.6769144535064697,-0.04969146475195885,0.6016023755073547,0.691987156867981,-0.04029764607548714,0.5285584330558777,0.7156813144683838,-0.05218661576509476,0.5505853891372681,0.731977105140686,-0.04668845981359482,0.5764337778091431,0.7274557948112488,-0.04361773654818535,0.6036738753318787,0.7560634016990662,-0.04812580719590187,0.5385385155677795,0.772316575050354,-0.058988653123378754,0.5619038939476013,0.7827325463294983,-0.047349948436021805,0.5866613984107971,0.7781360745429993,-0.03953256830573082,0.6075807809829712,0.8183557391166687,-0.05491987243294716,0.5532470941543579,0.8214970827102661,-0.06283576041460037,0.5723211169242859,0.826108455657959,-0.05375896021723747,0.5943436622619629,0.822540283203125,-0.04611847922205925,Yes
0.2591346204280853,0.8016485571861267,-1.4979050888541678e-07,0.279503732919693,0.7103731036186218,0.0047650388441979885,0.31937316060066223,0.656960666179657,-0.003674545092508197,0.35578709840774536,0.652650773525238,-0.014757133089005947,0.37642034888267517,0.6746920347213745,-0.02413553185760975,0.34426194429397583,0.6095694303512573,-0.020195141434669495,0.40964847803115845,0.6429219841957092,-0.035307999700307846,0.39405035972595215,0.6725147366523743,-0.04140358045697212,0.37386634945869446,0.6704329252243042,-0.044866420328617096,0.3416045308113098,0.6564667224884033,-0.03258141502737999,0.4088454842567444,0.6979212760925293,-0.04204108193516731,0.3885481357574463,0.7156295776367188,-0.03820835426449776,0.3675209879875183,0.7071232199668884,-0.03696531057357788,0.3382534980773926,0.7154554724693298,-0.04427841305732727,0.3984406292438507,0.7542605996131897,-0.04834325239062309,0.37620821595191956,0.7627617120742798,-0.03675435110926628,0.35510408878326416,0.7508446574211121,-0.03090241178870201,0.33256879448890686,0.7773299217224121,-0.05613125115633011,0.38319846987724304,0.801084578037262,-0.053084373474121094,0.3647521436214447,0.8055288195610046,-0.040507618337869644,0.3452915549278259,0.7962765693664551,-0.03287980332970619,0.6738817095756531,0.8269309401512146,-2.723376724134141e-07,0.658709704875946,0.7282986044883728,0.00263455742970109,0.6276281476020813,0.6342794299125671,-0.006996598094701767,0.6131917834281921,0.5566831231117249,-0.017862191423773766,0.6201058626174927,0.4911912679672241,-0.02948964759707451,0.6006967425346375,0.6366251707077026,-0.031209377571940422,0.5275794267654419,0.6512265205383301,-0.04755057394504547,0.5443572998046875,0.6794130802154541,-0.051849137991666794,0.5699885487556458,0.680701732635498,-0.052938494831323624,0.60002201795578,0.6988567113876343,-0.040792934596538544,0.5261897444725037,0.7206264734268188,-0.05394936725497246,0.5502070784568787,0.7364327907562256,-0.04898471012711525,0.5767931938171387,0.7312184572219849,-0.04611269384622574,0.6016029715538025,0.7641846537590027,-0.04908657819032669,0.535289466381073,0.7782728672027588,-0.061220597475767136,0.5604333877563477,0.7874335646629333,-0.049450017511844635,0.5860854983329773,0.7820336222648621,-0.04129426181316376,0.6047543287277222,0.8274616599082947,-0.05633383244276047,0.5506306290626526,0.8294814825057983,-0.06518587470054626,0.570663332939148,0.8332023620605469,-0.056141965091228485,0.5933418273925781,0.8294193148612976,-0.04836694896221161,Yes
0.2588738799095154,0.8000195622444153,-2.0972827030618646e-07,0.2790837287902832,0.7058554291725159,-0.000989170279353857,0.3129423260688782,0.6210935115814209,-0.009985187090933323,0.32982388138771057,0.553272545337677,-0.020126592367887497,0.32485947012901306,0.5000579357147217,-0.028006549924612045,0.3448324203491211,0.6068553328514099,-0.024348273873329163,0.4102473556995392,0.6456186771392822,-0.03912077844142914,0.39280927181243896,0.6731365919113159,-0.0446159727871418,0.37107622623443604,0.6670091152191162,-0.048154961317777634,0.34129974246025085,0.6564871072769165,-0.03409029543399811,0.4080761969089508,0.7000067830085754,-0.043505989015102386,0.38625434041023254,0.7156533002853394,-0.040006160736083984,0.36407870054244995,0.7044796347618103,-0.03980136290192604,0.33695554733276367,0.7160816192626953,-0.04343368113040924,0.3975073993206024,0.7552469372749329,-0.04915875941514969,0.374893456697464,0.762186586856842,-0.038590796291828156,0.353271484375,0.7494544386863708,-0.03393232449889183,0.3322342336177826,0.7777981162071228,-0.05306395888328552,0.38285985589027405,0.8003514409065247,-0.05366015061736107,0.36437109112739563,0.8030643463134766,-0.04338756203651428,0.3443043529987335,0.7939634919166565,-0.03743293508887291,0.6730314493179321,0.8275034427642822,-2.6928398710879264e-07,0.6573401093482971,0.7283427715301514,0.0029637834522873163,0.6266351342201233,0.6346843242645264,-0.006432654336094856,0.6122197508811951,0.558222234249115,-0.01693267747759819,0.6190133094787598,0.4949468672275543,-0.028424454852938652,0.5992529392242432,0.6411647796630859,-0.032270647585392,0.5270095467567444,0.6560396552085876,-0.04775037243962288,0.5435798764228821,0.681441605091095,-0.05179998651146889,0.568915069103241,0.6828411817550659,-0.05286683514714241,0.598210334777832,0.7033035159111023,-0.04155325889587402,0.5253865122795105,0.7232799530029297,-0.05259622633457184,0.5477509498596191,0.7388805150985718,-0.04686213657259941,0.5735542178153992,0.7348917126655579,-0.044200778007507324,0.5998993515968323,0.7679939270019531,-0.049368198961019516,0.5350355505943298,0.7805776000022888,-0.0595257431268692,0.558227002620697,0.789874255657196,-0.047404687851667404,0.583166778087616,0.785575270652771,-0.03972407430410385,0.6035404801368713,0.8306044340133667,-0.056174278259277344,0.5494574904441833,0.831028938293457,-0.06359511613845825,0.5683404207229614,0.8347797393798828,-0.053922515362501144,0.5906266570091248,0.8319171667098999,-0.04619455337524414,Yes
0.2564867436885834,0.7976012825965881,-2.1252736814858508e-07,0.2766169309616089,0.702584981918335,-0.002454959787428379,0.3085468113422394,0.6097283363342285,-0.01245101448148489,0.31946468353271484,0.5343573689460754,-0.02377251535654068,0.3119746744632721,0.4741513729095459,-0.032472964376211166,0.34361228346824646,0.6066272258758545,-0.022746864706277847,0.40925681591033936,0.6483687162399292,-0.038894496858119965,0.39194995164871216,0.6722287535667419,-0.0457177497446537,0.37015479803085327,0.6640589833259583,-0.0500364787876606,0.33912840485572815,0.656949520111084,-0.03246072679758072,0.4090614914894104,0.7004599571228027,-0.04270566999912262,0.3858465552330017,0.7154878973960876,-0.0398273728787899,0.36296600103378296,0.7045720815658569,-0.03981136530637741,0.33416658639907837,0.7172001004219055,-0.0422758050262928,0.3973933160305023,0.7559739351272583,-0.049012478440999985,0.37462368607521057,0.7621267437934875,-0.03921938315033913,0.3529219627380371,0.7492130398750305,-0.034824442118406296,0.3290475606918335,0.7797514200210571,-0.052421316504478455,0.3821914792060852,0.8039497137069702,-0.052807386964559555,0.3626977503299713,0.8042318820953369,-0.04267377033829689,0.34073781967163086,0.7930784225463867,-0.03707249462604523,0.6728601455688477,0.8291515111923218,-2.74097033070575e-07,0.6577019095420837,0.7295430898666382,0.0034721295814961195,0.6275011301040649,0.6374318599700928,-0.006275522988289595,0.6134466528892517,0.5616940259933472,-0.0173767302185297,0.6208470463752747,0.4981015920639038,-0.029654856771230698,0.6003903746604919,0.6409668326377869,-0.03238460049033165,0.527497410774231,0.6572144627571106,-0.04852956533432007,0.5436738729476929,0.682949423789978,-0.053025420755147934,0.5685908794403076,0.6835408210754395,-0.05438870191574097,0.6005107760429382,0.703187882900238,-0.04234529286623001,0.5261524319648743,0.7239415645599365,-0.05430912226438522,0.5483909845352173,0.7396847605705261,-0.04889799654483795,0.5740491151809692,0.7353072762489319,-0.04620862379670143,0.6030910611152649,0.7685326933860779,-0.05080388858914375,0.5356066823005676,0.7812210321426392,-0.06186041980981827,0.5585858821868896,0.7907149195671082,-0.04959487542510033,0.5834836959838867,0.7862184643745422,-0.041470009833574295,0.6075605154037476,0.8319980502128601,-0.05816459655761719,0.5504240393638611,0.8319266438484192,-0.06631384789943695,0.5692895650863647,0.8352104425430298,-0.05651339888572693,0.5922136902809143,0.8322207927703857,-0.04846714064478874,Yes
0.2598164975643158,0.7998735904693604,-1.9899282222013426e-07,0.27790892124176025,0.7045944929122925,-0.00415406608954072,0.30911651253700256,0.6130004525184631,-0.01550288312137127,0.31967949867248535,0.5373449325561523,-0.02761821262538433,0.3120226562023163,0.4761158525943756,-0.03708086907863617,0.3440054953098297,0.6072372794151306,-0.02635006047785282,0.40885981917381287,0.6479079127311707,-0.04325370863080025,0.39213070273399353,0.673194408416748,-0.05020986497402191,0.36991578340530396,0.6654294729232788,-0.05458400025963783,0.33964189887046814,0.6569202542304993,-0.03542950004339218,0.4069363474845886,0.7014147639274597,-0.04653509333729744,0.3855881094932556,0.7164568305015564,-0.04427848756313324,0.3639724850654602,0.7041208148002625,-0.04476849362254143,0.3350268304347992,0.7169293761253357,-0.04454520344734192,0.39700403809547424,0.75752854347229,-0.0519905760884285,0.37454792857170105,0.7638983726501465,-0.041922677308321,0.35305845737457275,0.7489296197891235,-0.03739986941218376,0.3304276764392853,0.7799034118652344,-0.054126255214214325,0.38190552592277527,0.8040369153022766,-0.05567773059010506,0.36302971839904785,0.8057142496109009,-0.045714300125837326,0.3419836759567261,0.7947304248809814,-0.0400514118373394,0.6742463111877441,0.832107663154602,-2.688373683668033e-07,0.6597626805305481,0.7336272597312927,0.0031104597728699446,0.630267858505249,0.6404759287834167,-0.006740510929375887,0.6161230206489563,0.563816249370575,-0.01767798326909542,0.624671459197998,0.4997273087501526,-0.029549861326813698,0.6029641628265381,0.6437216997146606,-0.03334258124232292,0.5298572182655334,0.6591843962669373,-0.048449479043483734,0.5457460284233093,0.68464195728302,-0.051126640290021896,0.5706495046615601,0.6859884262084961,-0.05118625611066818,0.6025289297103882,0.7058448791503906,-0.04283439740538597,0.5281893610954285,0.7257111668586731,-0.054284099489450455,0.55024254322052,0.7407639622688293,-0.04807863011956215,0.5759730935096741,0.7368221282958984,-0.04483821243047714,0.6042790412902832,0.7713398337364197,-0.05070270970463753,0.5379294157028198,0.7826682329177856,-0.061260778456926346,0.5611185431480408,0.7921805381774902,-0.048715539276599884,0.5858280062675476,0.7880017757415771,-0.040508341044187546,0.6076375842094421,0.8348329067230225,-0.05748831108212471,0.5514174699783325,0.8324772119522095,-0.06530536711215973,0.5707226991653442,0.8361532092094421,-0.05551841855049133,0.5934671759605408,0.8341447710990906,-0.047517433762550354,Yes
0.2588585913181305,0.8021754026412964,-2.1616439482841088e-07,0.2774926424026489,0.7087774872779846,-0.004534853156656027,0.30897870659828186,0.6151447892189026,-0.015886899083852768,0.3187638819217682,0.538866400718689,-0.027904130518436432,0.3108646273612976,0.47678977251052856,-0.037223175168037415,0.34226787090301514,0.6083481311798096,-0.027348678559064865,0.4084635376930237,0.6490851044654846,-0.044906336814165115,0.3904861807823181,0.6754258871078491,-0.05210230126976967,0.36732017993927,0.6686117649078369,-0.056515950709581375,0.33791905641555786,0.6587686538696289,-0.036317210644483566,0.4062885046005249,0.7030045390129089,-0.04740236699581146,0.38425013422966003,0.7189012169837952,-0.0449717678129673,0.36203595995903015,0.706659734249115,-0.04550565779209137,0.3330800235271454,0.7199665307998657,-0.04534931108355522,0.39613959193229675,0.7594195008277893,-0.052778083831071854,0.3738391697406769,0.7663407921791077,-0.042645763605833054,0.352052241563797,0.7520992755889893,-0.03821876645088196,0.3283369839191437,0.7834676504135132,-0.054838620126247406,0.3807918429374695,0.8056098818778992,-0.05611361563205719,0.3616756498813629,0.8074419498443604,-0.045959580689668655,0.3399873375892639,0.7970567345619202,-0.04030467942357063,0.6759812235832214,0.8378487229347229,-2.651903514561127e-07,0.6624033451080322,0.7367064356803894,0.004079761449247599,0.6332626938819885,0.6424732804298401,-0.005495239980518818,0.6190804839134216,0.5640942454338074,-0.01620415225625038,0.6268905997276306,0.4993900954723358,-0.027907844632864,0.6056389808654785,0.6469292640686035,-0.03382868692278862,0.5313887000083923,0.658967912197113,-0.0481659434735775,0.5476915240287781,0.6830586791038513,-0.050376228988170624,0.5726637244224548,0.6848825216293335,-0.05028373748064041,0.6043413281440735,0.7087299227714539,-0.04349637031555176,0.5295122861862183,0.7260457873344421,-0.05405206233263016,0.5519986748695374,0.739997148513794,-0.04768168553709984,0.5778492093086243,0.7370328307151794,-0.04455419257283211,0.6055875420570374,0.7738775610923767,-0.05127311870455742,0.5392208099365234,0.7844846248626709,-0.060493119060993195,0.5627451539039612,0.7927895784378052,-0.047851111739873886,0.5876340866088867,0.7885617017745972,-0.04000985622406006,0.6088952422142029,0.8369593620300293,-0.057902999222278595,0.5529628992080688,0.8348797559738159,-0.06481851637363434,0.5725235342979431,0.8372538089752197,-0.05504617840051651,0.5953050255775452,0.8344975709915161,-0.04731244221329689,Yes
0.2574857771396637,0.8081187009811401,-2.2492926632367016e-07,0.2765646278858185,0.7127572298049927,-0.0026230670046061277,0.3119009733200073,0.6266882419586182,-0.012369024567306042,0.32863250374794006,0.5557344555854797,-0.023140333592891693,0.3250952661037445,0.4978921115398407,-0.03112148307263851,0.343203067779541,0.6115737557411194,-0.024612590670585632,0.4086676239967346,0.6491051316261292,-0.042030218988657,0.3913860321044922,0.6765161156654358,-0.04893238842487335,0.36856433749198914,0.670053243637085,-0.05280685797333717,0.3376508057117462,0.6606355309486389,-0.034240275621414185,0.40598058700561523,0.7027946710586548,-0.045947831124067307,0.38426798582077026,0.7195385694503784,-0.04343337565660477,0.36284297704696655,0.7077562808990479,-0.04324739798903465,0.3320799767971039,0.7209129333496094,-0.04390506073832512,0.3951037526130676,0.7612364888191223,-0.051722295582294464,0.3726482093334198,0.7679118514060974,-0.04156365618109703,0.3517979383468628,0.7528083920478821,-0.036606911569833755,0.3265191912651062,0.7844765782356262,-0.053984541445970535,0.38039663434028625,0.8085963726043701,-0.05535538122057915,0.36114075779914856,0.809485912322998,-0.045144516974687576,0.33996638655662537,0.7979671955108643,-0.0390402153134346,0.6788952350616455,0.8406172394752502,-2.775016980649525e-07,0.6638386845588684,0.7401005029678345,0.0032764647621661425,0.6342172622680664,0.6448670029640198,-0.006438662763684988,0.6208754181861877,0.5670795440673828,-0.017272433266043663,0.6280289888381958,0.5021486878395081,-0.02910957857966423,0.6067761182785034,0.6462380886077881,-0.03342033922672272,0.533755362033844,0.6590515971183777,-0.048442475497722626,0.5485987067222595,0.6849159002304077,-0.05110139027237892,0.5731086134910583,0.6865822076797485,-0.05121612176299095,0.6067752242088318,0.7072120308876038,-0.04328033700585365,0.5318751931190491,0.726951539516449,-0.05496134236454964,0.5534543395042419,0.7423093318939209,-0.04903493449091911,0.5793711543083191,0.7381007075309753,-0.04591395705938339,0.6090676784515381,0.7726765275001526,-0.05146603286266327,0.5413475632667542,0.7846171259880066,-0.062028877437114716,0.5640900135040283,0.7941538691520691,-0.049694035202264786,0.5891318321228027,0.7897033095359802,-0.04164740443229675,0.6131088137626648,0.8366308212280273,-0.05856611952185631,0.5551649928092957,0.8350682258605957,-0.06647934019565582,0.5736691951751709,0.8382225632667542,-0.05690527334809303,0.5967382788658142,0.835220456123352,-0.04899479076266289,Yes
0.2545127868652344,0.8077362179756165,-1.3773059492905304e-07,0.2745284140110016,0.7169817686080933,0.002210198435932398,0.31419068574905396,0.6607235670089722,-0.008323575370013714,0.3486415147781372,0.6475085020065308,-0.021336182951927185,0.3661688268184662,0.655596137046814,-0.0323801152408123,0.3384166359901428,0.6142984628677368,-0.024159995838999748,0.40983134508132935,0.6532252430915833,-0.04267275333404541,0.3954952359199524,0.685758650302887,-0.05084148049354553,0.37408849596977234,0.6831533908843994,-0.055281754583120346,0.33227625489234924,0.6617059111595154,-0.03627908229827881,0.4064424932003021,0.7059017419815063,-0.0478455014526844,0.3866077661514282,0.7268852591514587,-0.044400352984666824,0.3655395209789276,0.7186585068702698,-0.04366186261177063,0.32686206698417664,0.7206520438194275,-0.0481051504611969,0.39322611689567566,0.7630831599235535,-0.053705234080553055,0.3714117407798767,0.7732797265052795,-0.04160793870687485,0.35049697756767273,0.7602043747901917,-0.03564734011888504,0.32067355513572693,0.7825245261192322,-0.06038746237754822,0.37740930914878845,0.8108711838722229,-0.057768095284700394,0.3590575158596039,0.8143251538276672,-0.04485052824020386,0.3380001187324524,0.8030377626419067,-0.03738849237561226,0.6787886619567871,0.8385859131813049,-2.5976660822379927e-07,0.6635543704032898,0.7371013164520264,0.00333371851593256,0.6350792646408081,0.642361581325531,-0.0067855785600841045,0.6222807765007019,0.5655432939529419,-0.0178716741502285,0.6284805536270142,0.5014582276344299,-0.029989294707775116,0.6073155999183655,0.6473367214202881,-0.03426055982708931,0.5343666076660156,0.6598606705665588,-0.04871785268187523,0.5503412485122681,0.6833105683326721,-0.051342543214559555,0.5748247504234314,0.6844490766525269,-0.05152955651283264,0.6072652339935303,0.7089329957962036,-0.043911412358284,0.5324857831001282,0.7253149151802063,-0.054294049739837646,0.5541331171989441,0.7386456727981567,-0.04820895195007324,0.5794857740402222,0.735878050327301,-0.04540074244141579,0.6094313263893127,0.7735335826873779,-0.05169474333524704,0.5433109402656555,0.7829421758651733,-0.06076826527714729,0.5658365488052368,0.7908358573913574,-0.0485982671380043,0.5900672674179077,0.7873870134353638,-0.04118919000029564,0.613305926322937,0.83614581823349,-0.05839085578918457,0.5565463304519653,0.8339005708694458,-0.06509970873594284,0.5751276016235352,0.8353542685508728,-0.05525742471218109,0.5976512432098389,0.8325218558311462,-0.047532424330711365,Yes
0.2514803111553192,0.8154953718185425,-1.434985676951328e-07,0.27086493372917175,0.7244971394538879,0.0013664098223671317,0.3130038380622864,0.669199526309967,-0.00897946860641241,0.353522390127182,0.6628941297531128,-0.021262051537632942,0.3776337206363678,0.6798627972602844,-0.031736500561237335,0.33454039692878723,0.6203568577766418,-0.026255005970597267,0.4059860408306122,0.6518744826316833,-0.043846264481544495,0.3935041129589081,0.686751127243042,-0.05134457349777222,0.37307560443878174,0.687951922416687,-0.055458877235651016,0.3302691578865051,0.667109489440918,-0.037438854575157166,0.4020375609397888,0.710698127746582,-0.048328086733818054,0.3826473653316498,0.7312484383583069,-0.04495978355407715,0.36108845472335815,0.7208299040794373,-0.044674064964056015,0.3260212242603302,0.7258269786834717,-0.04814760014414787,0.3908209502696991,0.766222357749939,-0.053745608776807785,0.3685106635093689,0.7759906053543091,-0.042451512068510056,0.346634179353714,0.7624697685241699,-0.03716263920068741,0.3206910490989685,0.7867403626441956,-0.05923667922616005,0.3741103708744049,0.8096284866333008,-0.05784795433282852,0.35646679997444153,0.8137801289558411,-0.04602283984422684,0.3359513282775879,0.8031041026115417,-0.03908740356564522,0.6810360550880432,0.8421478867530823,-2.822015972014924e-07,0.6668993830680847,0.7415236830711365,0.0032721904572099447,0.6368720531463623,0.6468670964241028,-0.006363281048834324,0.6239493489265442,0.5692311525344849,-0.01719829812645912,0.631350576877594,0.5055408477783203,-0.028888441622257233,0.6105834245681763,0.6471961736679077,-0.032662127166986465,0.5367563962936401,0.6608193516731262,-0.04914640262722969,0.5534422993659973,0.6858049631118774,-0.053410109132528305,0.5782448053359985,0.6856657266616821,-0.05445878952741623,0.610589861869812,0.7084318995475769,-0.04250241443514824,0.5360103249549866,0.7280340194702148,-0.05508103221654892,0.5581128001213074,0.7427585124969482,-0.049676310271024704,0.5833866596221924,0.7380586862564087,-0.046783413738012314,0.6124259829521179,0.7732413411140442,-0.05092870816588402,0.5460432767868042,0.7855807542800903,-0.062120623886585236,0.5685372352600098,0.7943155765533447,-0.05007488280534744,0.5928995013237,0.7891154289245605,-0.041953831911087036,0.6157544255256653,0.8361167907714844,-0.0583309568464756,0.5588818192481995,0.8358674645423889,-0.06614682078361511,0.577462911605835,0.8386184573173523,-0.056628741323947906,0.6002481579780579,0.834823727607727,-0.0486929751932621,Yes
0.2500973641872406,0.8188691735267639,-1.526159536524574e-07,0.26644647121429443,0.7236369252204895,0.0030425621662288904,0.3046960234642029,0.6631034016609192,-0.007043365389108658,0.3377090096473694,0.6448595523834229,-0.01943117380142212,0.35226091742515564,0.6497727036476135,-0.03032676875591278,0.33486250042915344,0.6160014271736145,-0.025960957631468773,0.40541937947273254,0.6507656574249268,-0.0421881303191185,0.3913709819316864,0.6842333078384399,-0.04802275076508522,0.3698733448982239,0.6831483840942383,-0.05130438134074211,0.3303371071815491,0.6631566286087036,-0.03818836063146591,0.40099090337753296,0.7090455293655396,-0.048024967312812805,0.37977850437164307,0.7285547852516174,-0.04382546618580818,0.3581155836582184,0.717456042766571,-0.043269917368888855,0.3253513276576996,0.7243666052818298,-0.049598436802625656,0.3903633952140808,0.7646455764770508,-0.05493464320898056,0.36662206053733826,0.7741937637329102,-0.04327402263879776,0.3442859649658203,0.7611196637153625,-0.03784678131341934,0.3189137279987335,0.7871189713478088,-0.0611165389418602,0.3728375732898712,0.8099295496940613,-0.05968393385410309,0.3545116186141968,0.813964307308197,-0.04739964008331299,0.3340228497982025,0.8045008182525635,-0.0401063896715641,0.6823434829711914,0.8417707085609436,-2.7452458084553655e-07,0.6673628091812134,0.7419278621673584,0.0024590562097728252,0.6375201940536499,0.6465602517127991,-0.00751491030678153,0.6242343783378601,0.5688578486442566,-0.018252719193696976,0.6300024390220642,0.5034794211387634,-0.029941726475954056,0.6109610199928284,0.6483496427536011,-0.03521622717380524,0.5377086400985718,0.6618564128875732,-0.050118718296289444,0.5530083775520325,0.6873714327812195,-0.052506059408187866,0.5774955153465271,0.6885830760002136,-0.052508920431137085,0.6109031438827515,0.7092311978340149,-0.044607292860746384,0.5355983972549438,0.7279795408248901,-0.056065868586301804,0.5569881200790405,0.7428545355796814,-0.049972664564847946,0.5827017426490784,0.7395563125610352,-0.04699566587805748,0.6131167411804199,0.7740046381950378,-0.052265286445617676,0.5456126928329468,0.7857118248939514,-0.06273124366998672,0.568240761756897,0.7947978973388672,-0.05065867304801941,0.5930929780006409,0.7908068299293518,-0.0430532842874527,0.6170281767845154,0.8371533155441284,-0.05886486545205116,0.5596888661384583,0.8366919755935669,-0.06709051132202148,0.5782002806663513,0.8397744297981262,-0.058026086539030075,0.6010019183158875,0.8365879058837891,-0.05061764642596245,Yes
0.2510541081428528,0.8161108493804932,-1.9441581855517143e-07,0.2695901691913605,0.7194019556045532,-0.0007392700063064694,0.3060295283794403,0.6428357362747192,-0.010873265564441681,0.32905319333076477,0.5840031504631042,-0.02254079096019268,0.3286038041114807,0.538871169090271,-0.032099608331918716,0.33723071217536926,0.6147106289863586,-0.02632858045399189,0.407699853181839,0.6497734785079956,-0.04423682019114494,0.3936285376548767,0.6840535402297974,-0.05154817923903465,0.3705689311027527,0.6830007433891296,-0.05551714822649956,0.33111289143562317,0.662824273109436,-0.036990683525800705,0.4014517366886139,0.7083591818809509,-0.04828280210494995,0.380649209022522,0.7284872531890869,-0.04521283134818077,0.357750803232193,0.7163659334182739,-0.04534417763352394,0.32509645819664,0.722999095916748,-0.047485627233982086,0.39025402069091797,0.7634556889533997,-0.05494685471057892,0.3675050437450409,0.7736250162124634,-0.0439753457903862,0.3455660939216614,0.7597208023071289,-0.03887353464961052,0.3192254602909088,0.7852663993835449,-0.058334823697805405,0.3742121756076813,0.809107780456543,-0.05932008847594261,0.356487512588501,0.8139500021934509,-0.048243530094623566,0.33595699071884155,0.8043096661567688,-0.041622016578912735,0.6818518042564392,0.8410285115242004,-2.757442700840329e-07,0.6671349406242371,0.7411053776741028,0.003575423499569297,0.636959969997406,0.6453983187675476,-0.005648146383464336,0.623775839805603,0.5683261752128601,-0.0160715039819479,0.6303969025611877,0.5042941570281982,-0.02748301811516285,0.6106067895889282,0.6475074291229248,-0.03252183645963669,0.5373824238777161,0.6613099575042725,-0.04767851158976555,0.5537742376327515,0.6864161491394043,-0.051009487360715866,0.5784356594085693,0.6859880089759827,-0.05162062123417854,0.6108970642089844,0.7085740566253662,-0.04230651631951332,0.5355780720710754,0.7262018322944641,-0.0538359209895134,0.5576486587524414,0.7410089373588562,-0.04809306189417839,0.5833887457847595,0.7370894551277161,-0.045122623443603516,0.6131981015205383,0.7730688452720642,-0.050444457679986954,0.5447832345962524,0.7829654216766357,-0.06070753559470177,0.567924976348877,0.7925584316253662,-0.04840249940752983,0.5929132699966431,0.7886552214622498,-0.040444448590278625,0.6173462271690369,0.8361254334449768,-0.05753609538078308,0.5596368908882141,0.8347890377044678,-0.06530608981847763,0.5782497525215149,0.8377119898796082,-0.055924538522958755,0.601140558719635,0.8345364332199097,-0.04822289198637009,Yes
0.2520500421524048,0.814566433429718,-2.1626694035603578e-07,0.27142438292503357,0.7186095118522644,-0.002662984188646078,0.3073749542236328,0.6330634951591492,-0.013232899829745293,0.3258870244026184,0.5606021285057068,-0.024840645492076874,0.32263296842575073,0.5008618235588074,-0.033922214061021805,0.3381037414073944,0.6113836169242859,-0.027606772258877754,0.4100496172904968,0.6520869135856628,-0.04647728428244591,0.3944441080093384,0.6855904459953308,-0.05408791825175285,0.37004029750823975,0.6828100085258484,-0.058249395340681076,0.33156195282936096,0.6581955552101135,-0.03718792274594307,0.403901070356369,0.7062379717826843,-0.04929179698228836,0.3825690448284149,0.7277777791023254,-0.046083975583314896,0.35960128903388977,0.7158523201942444,-0.04623214900493622,0.325564444065094,0.717551589012146,-0.04687684774398804,0.3927203416824341,0.7611200213432312,-0.05540430173277855,0.370108038187027,0.7717235684394836,-0.044592395424842834,0.3482668101787567,0.7572591304779053,-0.039589881896972656,0.3204392194747925,0.7800984382629395,-0.05696737393736839,0.3767850399017334,0.8069257140159607,-0.05875096842646599,0.3590339422225952,0.8109228610992432,-0.048477351665496826,0.33832475543022156,0.7997138500213623,-0.04260370135307312,0.6802247762680054,0.8384128212928772,-2.7770403221438755e-07,0.6651713848114014,0.7393717169761658,0.0031441557221114635,0.6356092095375061,0.6432600021362305,-0.006409715861082077,0.622689962387085,0.5656957030296326,-0.01722772605717182,0.6296084523200989,0.5013601779937744,-0.02892458438873291,0.6092849969863892,0.6435285806655884,-0.031055714935064316,0.5367672443389893,0.6604577302932739,-0.04708267003297806,0.553445041179657,0.6861695647239685,-0.05157206207513809,0.5781120657920837,0.6843927502632141,-0.05297354236245155,0.6103065609931946,0.7037018537521362,-0.04092596098780632,0.5353526473045349,0.7248269319534302,-0.05369172617793083,0.5575597882270813,0.7397914528846741,-0.04887944087386131,0.5834659337997437,0.7352486848831177,-0.04624749347567558,0.612989604473114,0.7672622799873352,-0.049407679587602615,0.5452172160148621,0.7819254398345947,-0.06064358353614807,0.5684796571731567,0.792094349861145,-0.04886339604854584,0.5934850573539734,0.7873891592025757,-0.040951140224933624,0.6173102855682373,0.8293678760528564,-0.05694185942411423,0.5606067776679993,0.8332004547119141,-0.06506162136793137,0.5796555876731873,0.8369805812835693,-0.056051090359687805,0.6024390459060669,0.8326810598373413,-0.04849230870604515,Yes
0.25331270694732666,0.8113332986831665,-2.2144851641314744e-07,0.27454113960266113,0.7167406678199768,0.0009462927700951695,0.3128046989440918,0.6427032351493835,-0.00856354832649231,0.3359251618385315,0.5822616815567017,-0.0201009102165699,0.3369830846786499,0.5341947674751282,-0.029463129118084908,0.34019723534584045,0.6108555197715759,-0.02384520322084427,0.40837717056274414,0.6511708498001099,-0.041963931173086166,0.3931898772716522,0.684473991394043,-0.04961405694484711,0.37053951621055603,0.6811048984527588,-0.053871773183345795,0.33287274837493896,0.6586524844169617,-0.0353061780333519,0.4022054076194763,0.7076842784881592,-0.0462835319340229,0.3822479844093323,0.7290508151054382,-0.04341159388422966,0.361708402633667,0.7168160080909729,-0.04389297217130661,0.3262620270252228,0.7185385227203369,-0.04662390053272247,0.39115116000175476,0.7616776823997498,-0.05431618541479111,0.3704608380794525,0.7731190919876099,-0.04400339350104332,0.35068586468696594,0.7583926916122437,-0.039424240589141846,0.320151150226593,0.7811999320983887,-0.05808648467063904,0.3768361210823059,0.8096975088119507,-0.058591242879629135,0.35968753695487976,0.8134915232658386,-0.04788307845592499,0.33923646807670593,0.8013759255409241,-0.04179434850811958,0.6845235824584961,0.8364989161491394,-2.7721222295440384e-07,0.6683111786842346,0.7383026480674744,0.003025504993274808,0.6387298703193665,0.644112765789032,-0.006136210635304451,0.625344455242157,0.5680728554725647,-0.01644662767648697,0.6311307549476624,0.5040850639343262,-0.027559511363506317,0.6119931936264038,0.644166886806488,-0.03067329153418541,0.5391047596931458,0.6596845984458923,-0.04672200232744217,0.5558151006698608,0.6850818395614624,-0.051127973943948746,0.5807700753211975,0.6847925186157227,-0.05229145660996437,0.6122532486915588,0.7039740085601807,-0.040310826152563095,0.5380544066429138,0.7238206267356873,-0.05204027146100998,0.5594568252563477,0.7396308779716492,-0.046917639672756195,0.5847129821777344,0.736027181148529,-0.044364940375089645,0.6145784854888916,0.7680835127830505,-0.04866127669811249,0.5491787195205688,0.7813056707382202,-0.05953644588589668,0.5711093544960022,0.7916421294212341,-0.047999538481235504,0.5952888131141663,0.7870373725891113,-0.04032422602176666,0.6184459924697876,0.8309100270271301,-0.05600334331393242,0.5625723600387573,0.8315206170082092,-0.0637870579957962,0.5805559158325195,0.8354929089546204,-0.05453363433480263,0.6028742790222168,0.8321008086204529,-0.04678654298186302,Yes
0.2534002661705017,0.8126618266105652,-1.9215524105220538e-07,0.2721411883831024,0.718923032283783,-0.0008090486517176032,0.3099563717842102,0.6490517258644104,-0.011710808612406254,0.33739352226257324,0.5998427271842957,-0.024222461506724358,0.34253519773483276,0.565287709236145,-0.03454507887363434,0.33774781227111816,0.6115777492523193,-0.026122864335775375,0.40744122862815857,0.6536293029785156,-0.04438108578324318,0.3920053243637085,0.6861120462417603,-0.052295584231615067,0.3697129786014557,0.6833465695381165,-0.05700751021504402,0.332207053899765,0.6592876315116882,-0.03703689202666283,0.4030914902687073,0.7077975273132324,-0.04903357848525047,0.3820176422595978,0.7282425165176392,-0.04656815528869629,0.360431045293808,0.7173342108726501,-0.04697701334953308,0.32736292481422424,0.7196372151374817,-0.047818854451179504,0.3934907019138336,0.7618086338043213,-0.055751215666532516,0.37099558115005493,0.771979808807373,-0.045196302235126495,0.3497622609138489,0.7586850523948669,-0.040181782096624374,0.32267555594444275,0.7822109460830688,-0.05899498984217644,0.3775182068347931,0.8080990314483643,-0.06000109016895294,0.3605271279811859,0.812256395816803,-0.04948301985859871,0.34141287207603455,0.8025614023208618,-0.04323864355683327,0.6890583038330078,0.839073657989502,-2.8326806500444945e-07,0.6730608940124512,0.7388916015625,0.0035047975834459066,0.6430040597915649,0.6453431248664856,-0.006585512310266495,0.6301854252815247,0.5683764219284058,-0.017935829237103462,0.6383019089698792,0.5032315850257874,-0.030206933617591858,0.6179485321044922,0.6457672119140625,-0.0334625206887722,0.542438805103302,0.659438967704773,-0.04998598247766495,0.5585590600967407,0.6858111619949341,-0.05374866724014282,0.5835679769515991,0.6861868500709534,-0.05437006801366806,0.6191456317901611,0.7058172821998596,-0.043672073632478714,0.5422597527503967,0.7236170768737793,-0.05619319900870323,0.5632777810096741,0.7399536967277527,-0.05043450742959976,0.5886567234992981,0.7359336018562317,-0.04733777418732643,0.6217316389083862,0.7705147862434387,-0.0523655004799366,0.5539658665657043,0.7813968062400818,-0.06331419944763184,0.5754649043083191,0.7920703291893005,-0.05078348144888878,0.5997686982154846,0.7872928977012634,-0.04247032850980759,0.6255213022232056,0.8335000276565552,-0.060000140219926834,0.5673479437828064,0.8325155973434448,-0.06745724380016327,0.5850048065185547,0.8360166549682617,-0.05755273625254631,0.6078299880027771,0.8324181437492371,-0.049513038247823715,Yes
0.25467008352279663,0.8145580887794495,-1.7407303687377862e-07,0.2715301215648651,0.7184727787971497,-0.0019729039631783962,0.3077268898487091,0.6406378149986267,-0.012227419763803482,0.33088353276252747,0.5802907943725586,-0.023494921624660492,0.3293101489543915,0.534404993057251,-0.032612282782793045,0.33792388439178467,0.6088059544563293,-0.027604470029473305,0.4076106548309326,0.6505807638168335,-0.044881466776132584,0.3928125202655792,0.6829248666763306,-0.0515756793320179,0.3704603612422943,0.6796131730079651,-0.05550844222307205,0.33241376280784607,0.6566888093948364,-0.03743727505207062,0.40312954783439636,0.705280601978302,-0.04885159060359001,0.3824824094772339,0.7261075973510742,-0.04567722976207733,0.36097490787506104,0.7148280739784241,-0.04565006121993065,0.32735052704811096,0.7167975306510925,-0.047059644013643265,0.3925619423389435,0.7609362006187439,-0.05476377159357071,0.3699713349342346,0.7709301114082336,-0.04428309574723244,0.3486439883708954,0.7564904093742371,-0.039412323385477066,0.32253313064575195,0.7794501185417175,-0.05709438771009445,0.37751492857933044,0.8062705993652344,-0.05868881568312645,0.3598649203777313,0.8103641271591187,-0.048562925308942795,0.33978044986724854,0.799761950969696,-0.04255881533026695,0.6903258562088013,0.8376267552375793,-2.856810112916719e-07,0.6744955778121948,0.7396236658096313,0.003188712988048792,0.6440163850784302,0.6451027989387512,-0.007274574600160122,0.6317890882492065,0.5677955746650696,-0.018955495208501816,0.6407278180122375,0.5019137263298035,-0.031800538301467896,0.6203390955924988,0.643712043762207,-0.034719955176115036,0.5447689890861511,0.6576666831970215,-0.05154481530189514,0.5590559244155884,0.68619304895401,-0.05567436292767525,0.583532452583313,0.6869503855705261,-0.05658305808901787,0.6219409704208374,0.7041503190994263,-0.04487724229693413,0.5439488291740417,0.7231622934341431,-0.0577206052839756,0.5641964077949524,0.7410362958908081,-0.05200221389532089,0.5899693965911865,0.7365024089813232,-0.04895314946770668,0.6247270107269287,0.7689769864082336,-0.05347629263997078,0.5549576878547668,0.7798315286636353,-0.06477700173854828,0.5758137702941895,0.7917425036430359,-0.0525071807205677,0.6005800366401672,0.7868834733963013,-0.04441307485103607,0.6285362839698792,0.8319572806358337,-0.06096838042140007,0.5693186521530151,0.8299522399902344,-0.06873533129692078,0.5864750742912292,0.8348265886306763,-0.05904708057641983,0.6095845103263855,0.8321183919906616,-0.051195308566093445,Yes
0.22578437626361847,0.8744787573814392,-3.3516917596898566e-07,0.27160099148750305,0.8598881363868713,-0.015821674838662148,0.322172611951828,0.779090166091919,-0.021785836666822433,0.35655221343040466,0.7169392108917236,-0.02818719483911991,0.38348740339279175,0.6819517016410828,-0.03226787596940994,0.29474592208862305,0.6703546047210693,-0.011573715135455132,0.3084786534309387,0.6077555418014526,-0.03823361545801163,0.3055720925331116,0.6688417196273804,-0.05272885411977768,0.2994215488433838,0.7221354246139526,-0.057297613471746445,0.2596316933631897,0.6651169061660767,-0.01223590224981308,0.2724561393260956,0.6364361643791199,-0.03786987066268921,0.2701127827167511,0.7208544015884399,-0.042120613157749176,0.2654190957546234,0.763929545879364,-0.039635587483644485,0.22412601113319397,0.6723515391349792,-0.01717110350728035,0.23435376584529877,0.6516687273979187,-0.04210797697305679,0.23635828495025635,0.7292827367782593,-0.03447932004928589,0.23354583978652954,0.768101692199707,-0.023511117324233055,0.1871892362833023,0.685580313205719,-0.023478319868445396,0.19902491569519043,0.6644217371940613,-0.037356045097112656,0.2057935893535614,0.7232575416564941,-0.02893047034740448,0.20608340203762054,0.7556495666503906,-0.01875365898013115,0.7045641541481018,0.9021629095077515,-5.037204573454801e-07,0.6478204727172852,0.8787751793861389,-0.011834163218736649,0.5960870981216431,0.8099592924118042,-0.020622050389647484,0.5592663884162903,0.7538169026374817,-0.03312326967716217,0.5268280506134033,0.7180129289627075,-0.04247589036822319,0.6161479949951172,0.6857702136039734,0.005072566214948893,0.5867912173271179,0.613436222076416,-0.023889480158686638,0.5794342756271362,0.6379397511482239,-0.03648197278380394,0.585192084312439,0.6833640933036804,-0.0390140675008297,0.6478309631347656,0.6732053160667419,-0.0018582419725134969,0.6209626197814941,0.653028666973114,-0.031309470534324646,0.6272153258323669,0.7463162541389465,-0.03183279559016228,0.6397697329521179,0.772019624710083,-0.023594994097948074,0.683049738407135,0.6758121252059937,-0.014829511754214764,0.6624749302864075,0.6766564846038818,-0.04347534850239754,0.6641615033149719,0.7611426115036011,-0.0311962328851223,0.6734904646873474,0.7786206603050232,-0.01523235160857439,0.7188900709152222,0.6916133761405945,-0.029668495059013367,0.7007874846458435,0.6955051422119141,-0.043863095343112946,0.6953352093696594,0.758087694644928,-0.03308427706360817,0.7006612420082092,0.7734960317611694,-0.02055942453444004,No
0.227906733751297,0.9399096965789795,-3.919427911114326e-07,0.2777101695537567,0.9401447176933289,-0.025190560147166252,0.32570338249206543,0.8828858733177185,-0.03874180465936661,0.35583266615867615,0.8254526853561401,-0.05119422823190689,0.3817019760608673,0.7881775498390198,-0.060928892344236374,0.30050963163375854,0.7511000633239746,-0.021036546677350998,0.3151315450668335,0.7145224213600159,-0.05176025629043579,0.3093113601207733,0.7899823188781738,-0.0685788169503212,0.3016059398651123,0.8435549139976501,-0.07497357577085495,0.2617972493171692,0.7454683780670166,-0.020186787471175194,0.27385812997817993,0.71356600522995,-0.05097466707229614,0.2721332311630249,0.8037587404251099,-0.057371094822883606,0.2688143849372864,0.8516325950622559,-0.05551217496395111,0.22359022498130798,0.7527493834495544,-0.02417217567563057,0.23230105638504028,0.7285714745521545,-0.05398622527718544,0.23508808016777039,0.8103849291801453,-0.04789017140865326,0.23346151411533356,0.8510512113571167,-0.03682713583111763,0.18617169559001923,0.7696030139923096,-0.0300303902477026,0.19172342121601105,0.7438700199127197,-0.04674757644534111,0.19839420914649963,0.8037941455841064,-0.038827233016490936,0.19982871413230896,0.8370651602745056,-0.028729673475027084,0.707003116607666,0.9645755290985107,-7.0924988904153e-07,0.6530318260192871,0.9548128247261047,-0.020746206864714622,0.5981692671775818,0.9015071988105774,-0.03394092991948128,0.5585601925849915,0.8556514382362366,-0.0484158918261528,0.5252231359481812,0.8216570019721985,-0.058494579046964645,0.605309009552002,0.7443786263465881,-0.008249892853200436,0.5695058703422546,0.7127336859703064,-0.04417695850133896,0.5660947561264038,0.7843369245529175,-0.06454205513000488,0.5738471150398254,0.8419023156166077,-0.07271452993154526,0.638700008392334,0.7172197699546814,-0.012157825753092766,0.6132917404174805,0.7513192892074585,-0.04655200615525246,0.6237252354621887,0.8456401824951172,-0.05391106382012367,0.6369121670722961,0.867133378982544,-0.05103020742535591,0.6756070256233215,0.718454897403717,-0.02212217077612877,0.6555925011634827,0.7742523550987244,-0.052991077303886414,0.6621806025505066,0.8548259735107422,-0.044737208634614944,0.6722407341003418,0.8618744015693665,-0.03182521089911461,0.7127213478088379,0.735651433467865,-0.034889280796051025,0.6955271363258362,0.7869440913200378,-0.04928707331418991,0.694730281829834,0.8483521342277527,-0.040211886167526245,0.7013981342315674,0.8528159856796265,-0.028775352984666824,No
0.2318502813577652,1.0057923793792725,-4.007808911410393e-07,0.27717745304107666,0.9928001165390015,-0.0248338021337986,0.31961002945899963,0.9495972394943237,-0.04131174087524414,0.3507799208164215,0.9114660024642944,-0.0561416856944561,0.37333372235298157,0.8745560050010681,-0.06723098456859589,0.30212655663490295,0.7684746980667114,-0.026372384279966354,0.3156229257583618,0.8118608593940735,-0.05801846832036972,0.3087244927883148,0.8915319442749023,-0.07713726162910461,0.3003003001213074,0.9310250878334045,-0.08612720668315887,0.2605772614479065,0.75644451379776,-0.02719240076839924,0.27356868982315063,0.824498176574707,-0.054030030965805054,0.2710271179676056,0.9097113609313965,-0.06085263565182686,0.26664578914642334,0.9354099631309509,-0.06204387545585632,0.21897029876708984,0.7719694375991821,-0.03209327533841133,0.2318519949913025,0.8490039110183716,-0.055805753916502,0.23546074330806732,0.9180721044540405,-0.05178137496113777,0.23369966447353363,0.9330716729164124,-0.04542143642902374,0.1818731427192688,0.8044559955596924,-0.03982356935739517,0.19284696877002716,0.8632743954658508,-0.05176204442977905,0.1996878683567047,0.9138761162757874,-0.04612720385193825,0.19905009865760803,0.9242860078811646,-0.0391102097928524,0.7011754512786865,1.0107098817825317,-7.367954140136135e-07,0.650631308555603,0.9964021444320679,-0.022069038823246956,0.598688006401062,0.9535060524940491,-0.03708333522081375,0.5612537860870361,0.9251022338867188,-0.05238475278019905,0.5314806699752808,0.9021757245063782,-0.06370700895786285,0.6016948819160461,0.7917832732200623,-0.01456264778971672,0.5683725476264954,0.8146553635597229,-0.05029531195759773,0.5723227262496948,0.9006630182266235,-0.0717139020562172,0.5843549966812134,0.9591681361198425,-0.081083744764328,0.6383067965507507,0.7666348814964294,-0.018538955599069595,0.6124927997589111,0.833547830581665,-0.0506732352077961,0.624325692653656,0.9308368563652039,-0.05775037780404091,0.6377454996109009,0.9523964524269104,-0.05603427439928055,0.6779665350914001,0.7751621007919312,-0.02805965393781662,0.656119167804718,0.8473293781280518,-0.057115182280540466,0.6625064015388489,0.9281145930290222,-0.04836411774158478,0.6727905869483948,0.9324668049812317,-0.036241643130779266,0.7163527011871338,0.8011425733566284,-0.04037441313266754,0.6968362331390381,0.8637890219688416,-0.054992400109767914,0.6959259510040283,0.9212167859077454,-0.04547886177897453,0.7028238773345947,0.922221302986145,-0.03415418416261673,No
0.22776444256305695,1.0051008462905884,-3.854157171190309e-07,0.27411773800849915,1.0010398626327515,-0.023643171414732933,0.3143322765827179,0.9741251468658447,-0.041496362537145615,0.34569814801216125,0.9551652073860168,-0.058800507336854935,0.3708430826663971,0.9290221929550171,-0.07315436750650406,0.2996439039707184,0.8014631271362305,-0.030482979491353035,0.3164106011390686,0.8585450649261475,-0.062123872339725494,0.3101125657558441,0.9361952543258667,-0.0801287516951561,0.29830899834632874,0.9649423360824585,-0.08917052298784256,0.2572738826274872,0.7897528409957886,-0.033047907054424286,0.27277126908302307,0.8723718523979187,-0.057782530784606934,0.2727307975292206,0.9541730284690857,-0.06325314193964005,0.26677846908569336,0.9654098153114319,-0.06562761217355728,0.21463245153427124,0.8077346086502075,-0.03909849002957344,0.22836469113826752,0.8887836337089539,-0.06225230172276497,0.2356964498758316,0.9608302712440491,-0.055989064276218414,0.23421426117420197,0.9695901870727539,-0.04947000369429588,0.1751607060432434,0.8417142629623413,-0.04788075387477875,0.18582043051719666,0.9009931683540344,-0.06051386147737503,0.19793729484081268,0.9545528888702393,-0.052926354110240936,0.20027540624141693,0.9658380746841431,-0.04528322070837021,0.7076742649078369,1.0382205247879028,-6.299935080278374e-07,0.6567735075950623,1.0300312042236328,-0.022445684298872948,0.6052310466766357,0.992490828037262,-0.03799678012728691,0.5666409730911255,0.9675580263137817,-0.05358321964740753,0.5336788892745972,0.9518911838531494,-0.06527778506278992,0.6060230731964111,0.8255817294120789,-0.011769610457122326,0.5705664753913879,0.8610540628433228,-0.04811546206474304,0.5766086578369141,0.9382634162902832,-0.07067203521728516,0.589686393737793,0.9860581755638123,-0.08033198863267899,0.6410252451896667,0.8015429973602295,-0.014699007384479046,0.6137166023254395,0.8718082308769226,-0.04442916065454483,0.6280312538146973,0.9681680202484131,-0.049696214497089386,0.6411759853363037,0.9858300089836121,-0.0468599796295166,0.6799848675727844,0.8116714358329773,-0.0237122755497694,0.657936155796051,0.8822235465049744,-0.05135520175099373,0.6652000546455383,0.9613217711448669,-0.041943617165088654,0.6740504503250122,0.9665988087654114,-0.029206657782197,0.7173214554786682,0.8397247195243835,-0.035605065524578094,0.6987635493278503,0.8996533751487732,-0.04980159178376198,0.6968659162521362,0.9554616212844849,-0.0406825952231884,0.7007055878639221,0.9606146216392517,-0.02920069731771946,No
0.22908881306648254,1.0082632303237915,-3.248926816468156e-07,0.27961409091949463,0.9982929229736328,-0.02522939071059227,0.3203267455101013,0.9621729850769043,-0.04388989508152008,0.3530072271823883,0.9326936602592468,-0.061489418148994446,0.3821285367012024,0.904457688331604,-0.07641975581645966,0.29945531487464905,0.7937964797019958,-0.030011378228664398,0.31656959652900696,0.853966474533081,-0.06342460215091705,0.3096432387828827,0.9294689893722534,-0.08451694995164871,0.2989816963672638,0.9550859332084656,-0.09550999850034714,0.2549107074737549,0.7837817668914795,-0.03189079836010933,0.27413272857666016,0.8647837042808533,-0.0586782805621624,0.2735457122325897,0.9462485909461975,-0.06598883122205734,0.2671666145324707,0.9616005420684814,-0.0689142569899559,0.21247552335262299,0.8036437630653381,-0.03753430023789406,0.22994565963745117,0.8825216889381409,-0.06250867992639542,0.23937807977199554,0.9546443819999695,-0.057101283222436905,0.24063578248023987,0.9692704081535339,-0.050331588834524155,0.17505265772342682,0.8393089175224304,-0.04592519626021385,0.18784810602664948,0.8951364159584045,-0.059764981269836426,0.20287862420082092,0.9513144493103027,-0.052471376955509186,0.2088598608970642,0.9699668884277344,-0.04435040056705475,0.7018949389457703,1.056673526763916,-5.962096452094556e-07,0.653531551361084,1.0416791439056396,-0.021554009988904,0.603849470615387,0.9911138415336609,-0.03461422026157379,0.5675094723701477,0.9580780863761902,-0.04764397814869881,0.5336147546768188,0.9346311688423157,-0.05663634464144707,0.6099639534950256,0.820343554019928,-0.007137136068195105,0.5759747624397278,0.8519737720489502,-0.039874471724033356,0.5834280252456665,0.9211190342903137,-0.0597224198281765,0.5962802767753601,0.9658995866775513,-0.06801013648509979,0.6444300413131714,0.795983612537384,-0.010127823799848557,0.6158180236816406,0.8627533912658691,-0.03880538418889046,0.6310703158378601,0.954369843006134,-0.04449807107448578,0.6450950503349304,0.9737033247947693,-0.04153774306178093,0.682661771774292,0.8055724501609802,-0.01905088685452938,0.660039484500885,0.8759250640869141,-0.04585953429341316,0.6668951511383057,0.9553951621055603,-0.03680955618619919,0.6753061413764954,0.9624918103218079,-0.024095389991998672,0.7203876376152039,0.8331328630447388,-0.030788011848926544,0.701366662979126,0.8903645277023315,-0.043852098286151886,0.6992393136024475,0.9470881223678589,-0.03460581973195076,0.7036460638046265,0.952546238899231,-0.023083185777068138,No
0.22488991916179657,1.0097917318344116,-3.2603551858301216e-07,0.280867338180542,0.9798429012298584,-0.01727922447025776,0.32619190216064453,0.9188341498374939,-0.028651950880885124,0.35853928327560425,0.8710863590240479,-0.04050669074058533,0.3870794177055359,0.8377101421356201,-0.04909038916230202,0.2955794036388397,0.7639939188957214,-0.011424118652939796,0.31403717398643494,0.7957870364189148,-0.0368870347738266,0.30848684906959534,0.8698249459266663,-0.052751921117305756,0.2997604012489319,0.8894428610801697,-0.06114586070179939,0.2565552890300751,0.7518119812011719,-0.014375989325344563,0.273960143327713,0.8089943528175354,-0.03532715141773224,0.27368026971817017,0.8867737054824829,-0.04055936262011528,0.2681463360786438,0.8960253596305847,-0.04135109484195709,0.21776634454727173,0.7676248550415039,-0.0210662130266428,0.23409701883792877,0.8292983174324036,-0.040698859840631485,0.23912668228149414,0.8970115184783936,-0.03512416407465935,0.2357187271118164,0.9030494689941406,-0.028420675545930862,0.18361908197402954,0.7982857823371887,-0.029995491728186607,0.19593679904937744,0.8473336696624756,-0.03887847065925598,0.20432263612747192,0.8977684378623962,-0.031562481075525284,0.2032645046710968,0.9068385362625122,-0.023660680279135704,0.7154972553253174,1.008306860923767,-5.030308329878608e-07,0.6573359966278076,0.9949943423271179,-0.020901376381516457,0.6047567129135132,0.9430091381072998,-0.03367576748132706,0.5672116279602051,0.8981696963310242,-0.046815767884254456,0.5334729552268982,0.8644373416900635,-0.055963195860385895,0.6207926273345947,0.7826446294784546,-0.005354199092835188,0.5829961895942688,0.7909375429153442,-0.036661047488451004,0.5838665962219238,0.8596791625022888,-0.056224361062049866,0.5927535891532898,0.9096201062202454,-0.0648592859506607,0.6545810103416443,0.7581717371940613,-0.00722456444054842,0.6229230165481567,0.812364935874939,-0.03580847010016441,0.6349995732307434,0.9001674652099609,-0.043090034276247025,0.6491703391075134,0.9197062849998474,-0.04175479710102081,0.6902067065238953,0.7653879523277283,-0.014840977266430855,0.6653837561607361,0.8285567164421082,-0.04068250581622124,0.66936194896698,0.9073835611343384,-0.03274529427289963,0.6769429445266724,0.9167172908782959,-0.02142462693154812,0.7246663570404053,0.7892909646034241,-0.025165311992168427,0.7056317925453186,0.8440847992897034,-0.03819528967142105,0.7028855085372925,0.8979740738868713,-0.030519021674990654,0.7069776058197021,0.901344895362854,-0.020476317033171654,No
0.21880339086055756,0.9890959858894348,-2.4706207568669925e-07,0.27748751640319824,0.9609800577163696,-0.018961632624268532,0.32457733154296875,0.8832626342773438,-0.028242070227861404,0.3514144718647003,0.8171306848526001,-0.037441644817590714,0.3788593113422394,0.773001492023468,-0.0424049086868763,0.29080113768577576,0.7439382672309875,-0.005431822035461664,0.3155248761177063,0.7319084405899048,-0.02945985272526741,0.3097383677959442,0.8129780888557434,-0.04113286733627319,0.29894745349884033,0.8298982381820679,-0.04610972851514816,0.2543344795703888,0.7347268462181091,-0.006450033746659756,0.2787996232509613,0.7407358288764954,-0.02805759198963642,0.27731046080589294,0.831291675567627,-0.030006833374500275,0.26829466223716736,0.8369202613830566,-0.026872705668210983,0.21730336546897888,0.7472115755081177,-0.01216163020581007,0.2400406450033188,0.7636730074882507,-0.03516295179724693,0.2445899099111557,0.8449087142944336,-0.025660807266831398,0.23813354969024658,0.8528944849967957,-0.014329520054161549,0.18220190703868866,0.7706375122070312,-0.019618483260273933,0.20149047672748566,0.785666286945343,-0.030051887035369873,0.21118628978729248,0.8447729349136353,-0.019391953945159912,0.207977756857872,0.8590772747993469,-0.008076818659901619,0.7164190411567688,0.9694108366966248,-5.276984893498593e-07,0.6586355566978455,0.9513167142868042,-0.01634400337934494,0.606744110584259,0.8882918953895569,-0.02466973103582859,0.5728095173835754,0.8361906409263611,-0.0342443622648716,0.5419414639472961,0.7973483204841614,-0.03997751325368881,0.6256107687950134,0.7414163947105408,0.0025464037898927927,0.5908721089363098,0.73957359790802,-0.026818007230758667,0.5955583453178406,0.8067511916160583,-0.04512042924761772,0.6069386601448059,0.8540612459182739,-0.05266113951802254,0.6585480570793152,0.7245291471481323,-0.0009106859797611833,0.6282138824462891,0.7521041631698608,-0.02866736799478531,0.6389939785003662,0.8407372832298279,-0.035650838166475296,0.6528869271278381,0.8661893606185913,-0.033652808517217636,0.6935012936592102,0.7332087755203247,-0.010038616135716438,0.6677255034446716,0.762288510799408,-0.03681265562772751,0.671062171459198,0.8427317142486572,-0.02967691421508789,0.6800072193145752,0.8589468002319336,-0.01776297390460968,0.7280585765838623,0.756948709487915,-0.021159475669264793,0.7068980932235718,0.781368613243103,-0.03439488634467125,0.7012947201728821,0.8375014066696167,-0.026540376245975494,0.7046887278556824,0.8482398390769958,-0.01606147363781929,No
0.2228603959083557,0.9319946765899658,-1.2669113402807852e-07,0.2736201584339142,0.9025091528892517,-0.014534801244735718,0.3221206068992615,0.8242334723472595,-0.02210588939487934,0.35899877548217773,0.7621973156929016,-0.030899086967110634,0.3900817930698395,0.7200965881347656,-0.036740031093358994,0.2895159423351288,0.7103826403617859,0.0005743161309510469,0.30808964371681213,0.656079113483429,-0.02378162369132042,0.3119910657405853,0.7152435779571533,-0.03666004166007042,0.30602002143859863,0.7460654973983765,-0.04096509888768196,0.2584020495414734,0.7075252532958984,-0.0017929713940247893,0.2781200408935547,0.6736535429954529,-0.025033531710505486,0.2787313461303711,0.7607160210609436,-0.02948099374771118,0.2682500183582306,0.7821583151817322,-0.02658744901418686,0.2245541512966156,0.7181242108345032,-0.008906797505915165,0.24392381310462952,0.7000769972801208,-0.03492313623428345,0.2470696121454239,0.781333327293396,-0.0273649413138628,0.23857074975967407,0.7986626625061035,-0.015362342819571495,0.18930143117904663,0.7369698882102966,-0.016950149089097977,0.20841915905475616,0.7202745079994202,-0.031002206727862358,0.21628119051456451,0.7788363695144653,-0.02087060548365116,0.21065440773963928,0.7963023781776428,-0.008807876147329807,0.7125798463821411,0.9238609075546265,-2.9523471312131733e-07,0.6604416370391846,0.8982256054878235,-0.006516438443213701,0.6075785160064697,0.8225852251052856,-0.010127324610948563,0.5718870162963867,0.7693135142326355,-0.017820395529270172,0.5388858318328857,0.7416867017745972,-0.025387868285179138,0.6311257481575012,0.7194559574127197,0.014553558081388474,0.6108831763267517,0.6678012609481812,-0.0048163034953176975,0.5950237512588501,0.6559647917747498,-0.017305899411439896,0.5855382084846497,0.6646418571472168,-0.023128747940063477,0.6600995063781738,0.7065039873123169,0.006542671471834183,0.6325674057006836,0.6882132887840271,-0.018994977697730064,0.636468768119812,0.7702298164367676,-0.023942705243825912,0.6469664573669434,0.8099314570426941,-0.019064245745539665,0.6934605836868286,0.7085488438606262,-0.005960974842309952,0.6674186587333679,0.7003480792045593,-0.032161761075258255,0.6682010293006897,0.7783796787261963,-0.024696722626686096,0.6765548586845398,0.8091022968292236,-0.01141671184450388,0.7285143136978149,0.7210238575935364,-0.019318170845508575,0.703330397605896,0.7122668027877808,-0.03307439759373665,0.698806881904602,0.7680741548538208,-0.02417774684727192,0.7052825093269348,0.7899341583251953,-0.013060004450380802,No
0.22290915250778198,0.8691034913063049,1.8675645208077185e-07,0.2761516571044922,0.8493970036506653,-0.015317659825086594,0.32757535576820374,0.7731689214706421,-0.0223701111972332,0.3695286810398102,0.7275756597518921,-0.03030565194785595,0.4039001762866974,0.7085729837417603,-0.039458535611629486,0.29166001081466675,0.6684680581092834,-0.006634670775383711,0.31115466356277466,0.5964176058769226,-0.02117355354130268,0.3276892900466919,0.5552298426628113,-0.031181594356894493,0.3410162329673767,0.5218108296394348,-0.03858240321278572,0.260937362909317,0.6650224328041077,-0.008196748793125153,0.2756214439868927,0.6344228386878967,-0.032912034541368484,0.27394965291023254,0.7133886218070984,-0.038760147988796234,0.267381489276886,0.7508738040924072,-0.03722802549600601,0.22868822515010834,0.6771377325057983,-0.01243253517895937,0.24215067923069,0.6548113226890564,-0.03922824561595917,0.24495354294776917,0.7290302515029907,-0.032160840928554535,0.24142387509346008,0.7575635313987732,-0.021158691495656967,0.1953647881746292,0.6955822706222534,-0.017751291394233704,0.20923273265361786,0.6751846075057983,-0.0352337583899498,0.21634002029895782,0.7307512164115906,-0.027417445555329323,0.21463066339492798,0.7544251680374146,-0.017745934426784515,0.701720118522644,0.8775867223739624,-1.219057708112814e-07,0.6536052227020264,0.8466848731040955,-0.011893413960933685,0.6044314503669739,0.7707639932632446,-0.017111213877797127,0.5668863654136658,0.7205169200897217,-0.024686796590685844,0.5334489345550537,0.6978945732116699,-0.03271731361746788,0.6337064504623413,0.6697084903717041,0.0012824489967897534,0.6169478893280029,0.594767689704895,-0.01571066305041313,0.5994635820388794,0.5447060465812683,-0.025730041787028313,0.5835602283477783,0.5039471387863159,-0.03327096626162529,0.6617379784584045,0.6633128523826599,-0.005726901814341545,0.6342389583587646,0.6296099424362183,-0.035433199256658554,0.6361984610557556,0.7106397747993469,-0.03989694267511368,0.64629065990448,0.7446451783180237,-0.03445945307612419,0.6928292512893677,0.6715361475944519,-0.01624177023768425,0.6688201427459717,0.6529550552368164,-0.04705607518553734,0.6675876975059509,0.7303826212882996,-0.037696175277233124,0.675194501876831,0.753452718257904,-0.022344909608364105,0.7260304093360901,0.6894076466560364,-0.027902888134121895,0.7027928829193115,0.6695651412010193,-0.04477045312523842,0.6952134370803833,0.7278731465339661,-0.0343639962375164,0.6992575526237488,0.7507293820381165,-0.02193189598619938,No
0.22480536997318268,0.8198671340942383,1.4279041238296486e-07,0.2799244225025177,0.8079481720924377,-0.015076055191457272,0.3325512111186981,0.7374128699302673,-0.020762281492352486,0.3729343116283417,0.6948002576828003,-0.027146484702825546,0.40630045533180237,0.6861494779586792,-0.03475017473101616,0.29965367913246155,0.6248522400856018,-0.008126347325742245,0.32041653990745544,0.5440049767494202,-0.020910635590553284,0.33303457498550415,0.491364985704422,-0.029866835102438927,0.340996116399765,0.4462169110774994,-0.03743312880396843,0.26755717396736145,0.620714008808136,-0.009694135747849941,0.28350716829299927,0.5938966274261475,-0.03436896577477455,0.27906662225723267,0.6710416078567505,-0.04005821421742439,0.2700098156929016,0.7078410387039185,-0.03864400461316109,0.23538897931575775,0.6325072646141052,-0.013436250388622284,0.25040414929389954,0.6129109263420105,-0.03980714827775955,0.25088006258010864,0.6854782104492188,-0.032861173152923584,0.24576804041862488,0.7148632407188416,-0.022291501984000206,0.20157122611999512,0.6502256989479065,-0.018293457105755806,0.21839964389801025,0.6301398277282715,-0.036044731736183167,0.2238702028989792,0.686562180519104,-0.0284976027905941,0.22161248326301575,0.7123541831970215,-0.019056741148233414,0.6916995644569397,0.8351730108261108,-9.131072431500797e-08,0.6461868286132812,0.8099312782287598,-0.010935261845588684,0.5992741584777832,0.7396109104156494,-0.017820188775658607,0.5630793571472168,0.6907039284706116,-0.027526045218110085,0.5311435461044312,0.6711269617080688,-0.03770109638571739,0.6267335414886475,0.6233382821083069,-0.0016900831833481789,0.6170069575309753,0.5372028946876526,-0.017839647829532623,0.60785973072052,0.48122191429138184,-0.025669388473033905,0.6009480357170105,0.4346025884151459,-0.03175600245594978,0.6559160947799683,0.619478702545166,-0.008482265286147594,0.6334330439567566,0.5897350311279297,-0.037481363862752914,0.6375168561935425,0.6739767789840698,-0.03887094557285309,0.6494688391685486,0.7038707137107849,-0.031534940004348755,0.687168300151825,0.630565881729126,-0.018511690199375153,0.6658698320388794,0.6159473061561584,-0.04812972620129585,0.6635905504226685,0.6957460641860962,-0.03714006021618843,0.6708998084068298,0.7179120182991028,-0.021238893270492554,0.719974935054779,0.6524231433868408,-0.029728299006819725,0.6991242170333862,0.6416887044906616,-0.046245381236076355,0.6895760893821716,0.6992718577384949,-0.036547280848026276,0.6918531656265259,0.7206988334655762,-0.02470972016453743,No
0.22654259204864502,0.7935688495635986,5.216984888534171e-08,0.2807955741882324,0.7811813354492188,-0.011272858828306198,0.33213433623313904,0.7188181281089783,-0.015476365573704243,0.36964672803878784,0.6765996813774109,-0.021530257537961006,0.4015391767024994,0.6645248532295227,-0.02881981059908867,0.30185291171073914,0.6013293266296387,-0.003039079485461116,0.3196941614151001,0.5184105038642883,-0.014515118673443794,0.32962536811828613,0.46733951568603516,-0.022906232625246048,0.33539146184921265,0.42440465092658997,-0.030067672953009605,0.2699302136898041,0.5978188514709473,-0.006515250075608492,0.2848983407020569,0.5707542300224304,-0.03104662336409092,0.28082558512687683,0.6435892581939697,-0.03809569776058197,0.27196234464645386,0.6827682256698608,-0.03769728168845177,0.23755566775798798,0.6096275448799133,-0.011859778314828873,0.2523587942123413,0.5904979109764099,-0.038871780037879944,0.2522607743740082,0.6606609225273132,-0.033725664019584656,0.24664631485939026,0.6941081881523132,-0.024025708436965942,0.20293988287448883,0.6266586184501648,-0.01790391094982624,0.2200021892786026,0.6070058345794678,-0.03647860139608383,0.225803405046463,0.6609662771224976,-0.030278407037258148,0.2241147756576538,0.6884447932243347,-0.02157645858824253,0.694563627243042,0.820859432220459,-1.2653151770791737e-07,0.643806517124176,0.7949955463409424,-0.011290213093161583,0.5951642394065857,0.7261097431182861,-0.018546730279922485,0.5584438443183899,0.67948979139328,-0.028752129524946213,0.5259990692138672,0.6612229347229004,-0.03917829319834709,0.6236534118652344,0.6094061732292175,-0.00048418258666060865,0.6156022548675537,0.5203490257263184,-0.01620497927069664,0.6090725064277649,0.4639119803905487,-0.023423761129379272,0.6040567755699158,0.4172168970108032,-0.02890375629067421,0.6522722244262695,0.6079792380332947,-0.007353798486292362,0.6336971521377563,0.5677621960639954,-0.03707109019160271,0.6378797292709351,0.6544385552406311,-0.03872682899236679,0.648293673992157,0.6877931952476501,-0.03085457906126976,0.6831438541412354,0.6188287734985352,-0.017519066110253334,0.6684930324554443,0.6008793711662292,-0.047630295157432556,0.668155312538147,0.6811143755912781,-0.03723332658410072,0.6742742657661438,0.7039497494697571,-0.02131783962249756,0.7149156928062439,0.6392288208007812,-0.028833206743001938,0.6994795203208923,0.6221215724945068,-0.044775500893592834,0.6911943554878235,0.681313157081604,-0.03465685993432999,0.6926888227462769,0.7029119729995728,-0.02267497032880783,No
0.22448329627513885,0.7859737277030945,1.7237576699358215e-08,0.278208464384079,0.7764630317687988,-0.011196977458894253,0.3332304358482361,0.7143440842628479,-0.014571156352758408,0.3704434633255005,0.6705083847045898,-0.019496552646160126,0.40321341156959534,0.6635313630104065,-0.02563317120075226,0.3006599545478821,0.5916324853897095,-0.002395169110968709,0.31944456696510315,0.5081861019134521,-0.011965218931436539,0.32920634746551514,0.45752474665641785,-0.018406543880701065,0.33530354499816895,0.4151211977005005,-0.02451244741678238,0.2688562572002411,0.5858429074287415,-0.005300958175212145,0.28401774168014526,0.5594844222068787,-0.027347033843398094,0.2780541777610779,0.6326603293418884,-0.03245759755373001,0.2688497304916382,0.6693871021270752,-0.03110671043395996,0.23737487196922302,0.5967239141464233,-0.010068761184811592,0.2517332434654236,0.5784938931465149,-0.03561900556087494,0.2504913806915283,0.6488609910011292,-0.030273940414190292,0.2448594868183136,0.6801525354385376,-0.02098437212407589,0.20303766429424286,0.6128158569335938,-0.015497342683374882,0.21907801926136017,0.5961564779281616,-0.03374806046485901,0.22334209084510803,0.6518406867980957,-0.02831386961042881,0.2213881015777588,0.6783328652381897,-0.020516837015748024,0.6965628266334534,0.8188127279281616,-1.6293530791244848e-07,0.6464606523513794,0.7924409508705139,-0.010602161288261414,0.5961706042289734,0.7245790958404541,-0.017173796892166138,0.5581856966018677,0.6791247725486755,-0.0267349723726511,0.5264878869056702,0.6599860191345215,-0.036593515425920486,0.6261856555938721,0.6066744327545166,0.0001931784354383126,0.6180301308631897,0.5167628526687622,-0.015560991130769253,0.6116354465484619,0.4599932134151459,-0.023118881508708,0.6068783402442932,0.41417577862739563,-0.028869256377220154,0.6544855237007141,0.6046304106712341,-0.006878337357193232,0.6345462799072266,0.5608654618263245,-0.037621840834617615,0.6372384428977966,0.6450778841972351,-0.04074689745903015,0.6464669108390808,0.681927502155304,-0.0337170846760273,0.6849511861801147,0.6142430901527405,-0.017083628103137016,0.6680867075920105,0.593174397945404,-0.04818527400493622,0.6663587093353271,0.6732289791107178,-0.039098743349313736,0.6716286540031433,0.699550211429596,-0.02371683530509472,0.7168761491775513,0.6326470375061035,-0.0282389335334301,0.6990262866020203,0.6158382296562195,-0.044961974024772644,0.6901136040687561,0.674514889717102,-0.0358436293900013,0.6919784545898438,0.6969079375267029,-0.024378614500164986,No
0.2255716770887375,0.7834663391113281,2.054553860375563e-08,0.27876144647598267,0.7729421854019165,-0.012257430702447891,0.3328843116760254,0.7099320888519287,-0.01635676808655262,0.3713279664516449,0.6698594689369202,-0.021838268265128136,0.40399205684661865,0.6680554151535034,-0.028669562190771103,0.29893168807029724,0.5858303308486938,-0.004992708098143339,0.3165748119354248,0.500994086265564,-0.015598755329847336,0.3256761431694031,0.4492904543876648,-0.023006144911050797,0.33071404695510864,0.4056859612464905,-0.02981509082019329,0.26723939180374146,0.5836195349693298,-0.0077954367734491825,0.2808609902858734,0.5550915598869324,-0.03163987770676613,0.27720630168914795,0.6281997561454773,-0.03796008974313736,0.2691863477230072,0.6674716472625732,-0.03728702291846275,0.23565436899662018,0.5969203114509583,-0.0123728783801198,0.24898484349250793,0.5771398544311523,-0.03891719877719879,0.24950379133224487,0.6472352743148804,-0.03433942422270775,0.24473734200000763,0.6799567937850952,-0.025325728580355644,0.20165078341960907,0.6150853037834167,-0.017728686332702637,0.21682272851467133,0.5972635746002197,-0.03620552644133568,0.22236411273479462,0.6521159410476685,-0.03096342459321022,0.22130195796489716,0.6797643303871155,-0.023310746997594833,0.6993953585624695,0.8200832009315491,-1.823954676183348e-07,0.6488215923309326,0.7928329706192017,-0.008315606974065304,0.5978256464004517,0.723799467086792,-0.013094484806060791,0.5609304904937744,0.6788538098335266,-0.021061671897768974,0.5298532843589783,0.6607651114463806,-0.02951173298060894,0.6279553771018982,0.6035138368606567,0.00152870814781636,0.6201573014259338,0.512120246887207,-0.012778726406395435,0.6149741411209106,0.45549842715263367,-0.020123928785324097,0.6105083227157593,0.40953490138053894,-0.026167280972003937,0.65730881690979,0.6007033586502075,-0.006477981340140104,0.6384608149528503,0.558552622795105,-0.03626558929681778,0.6412789225578308,0.639129638671875,-0.04050128534436226,0.6494010090827942,0.6809710264205933,-0.03481808304786682,0.688697874546051,0.6116840839385986,-0.01723562367260456,0.671673059463501,0.5932073593139648,-0.04679594188928604,0.6703238487243652,0.669870913028717,-0.03921256214380264,0.6745015978813171,0.6991376876831055,-0.025598222389817238,0.7215552926063538,0.6322497129440308,-0.028730493038892746,0.703959584236145,0.6154031157493591,-0.045084964483976364,0.6950055360794067,0.671886146068573,-0.0371602326631546,0.6957606673240662,0.6956186294555664,-0.026928391307592392,No
0.22534522414207458,0.7856672406196594,1.649340219955775e-08,0.28047552704811096,0.7756196856498718,-0.01391380000859499,0.3329445719718933,0.712533175945282,-0.01874532178044319,0.3726607859134674,0.6722307205200195,-0.02474861964583397,0.4050526022911072,0.6675868034362793,-0.03214632719755173,0.29845449328422546,0.5858266949653625,-0.006213658023625612,0.31253188848495483,0.4998510777950287,-0.01801781915128231,0.32023417949676514,0.44569218158721924,-0.026331668719649315,0.3239832818508148,0.40213310718536377,-0.03360660374164581,0.266430139541626,0.5860463380813599,-0.008540111593902111,0.2786739766597748,0.5525705814361572,-0.03562527149915695,0.2776922881603241,0.6282081604003906,-0.04346231371164322,0.2716866731643677,0.6747691035270691,-0.04259919002652168,0.2345847636461258,0.6009097099304199,-0.012868947349488735,0.2450530230998993,0.5796212553977966,-0.04144668206572533,0.24868953227996826,0.650321364402771,-0.03818457946181297,0.2462831735610962,0.6885640621185303,-0.029038649052381516,0.2008344531059265,0.6207260489463806,-0.018165094777941704,0.2117706537246704,0.6032360196113586,-0.03860538452863693,0.21987494826316833,0.6573499441146851,-0.035261817276477814,0.22181475162506104,0.6881274580955505,-0.028310425579547882,0.7022081613540649,0.8233727216720581,-1.995120442188636e-07,0.6519884467124939,0.797976553440094,-0.009845949709415436,0.6006911993026733,0.7286462187767029,-0.014925246126949787,0.5637814402580261,0.684377133846283,-0.022830724716186523,0.5332028865814209,0.6657224297523499,-0.031136002391576767,0.6298142075538635,0.6046965718269348,-0.00023321667686104774,0.6225079894065857,0.5129116177558899,-0.014788017608225346,0.617964506149292,0.4570648670196533,-0.021708671003580093,0.6140126585960388,0.4107021391391754,-0.027425002306699753,0.6596215963363647,0.6008872389793396,-0.007370027247816324,0.641602098941803,0.5602140426635742,-0.037657152861356735,0.6448146104812622,0.6443390846252441,-0.041125617921352386,0.6524685621261597,0.6857513189315796,-0.03491111099720001,0.6912744641304016,0.6112277507781982,-0.017434140667319298,0.6760292053222656,0.5926612019538879,-0.048204727470874786,0.6742711067199707,0.6735000014305115,-0.04016416147351265,0.6777127981185913,0.7041926980018616,-0.026015063747763634,0.7242259383201599,0.6309247612953186,-0.028315048664808273,0.707926869392395,0.6156366467475891,-0.045948173850774765,0.698130190372467,0.6757583618164062,-0.038448065519332886,0.6975333094596863,0.7009261250495911,-0.02835754118859768,No
0.22189229726791382,0.7895406484603882,4.2136953481985984e-08,0.2783612608909607,0.7780354022979736,-0.014061151072382927,0.3307082951068878,0.7164047360420227,-0.020101886242628098,0.3708249628543854,0.67759108543396,-0.027529820799827576,0.4043385684490204,0.6726500391960144,-0.03641320392489433,0.2948854863643646,0.5859086513519287,-0.006810582242906094,0.3076806664466858,0.4993395507335663,-0.01869112439453602,0.31461185216903687,0.4440194368362427,-0.027559813112020493,0.31818944215774536,0.39980289340019226,-0.035369668155908585,0.26186317205429077,0.5866146683692932,-0.009275657124817371,0.2721770405769348,0.5604503154754639,-0.03460848703980446,0.27296561002731323,0.6342759132385254,-0.042329974472522736,0.2689838111400604,0.6790117621421814,-0.04254584014415741,0.2295956313610077,0.6030104756355286,-0.013749312609434128,0.23956817388534546,0.5877392888069153,-0.04057968035340309,0.2435300499200821,0.657461404800415,-0.036647580564022064,0.2420908808708191,0.6959313750267029,-0.02805059775710106,0.19600054621696472,0.6251177191734314,-0.019383994862437248,0.20743481814861298,0.6089321970939636,-0.038476210087537766,0.21482960879802704,0.6634019017219543,-0.034216806292533875,0.21693803369998932,0.695422351360321,-0.027007803320884705,0.7049350142478943,0.823764979839325,-1.8998818518412008e-07,0.652807891368866,0.797654390335083,-0.009665329940617085,0.6012963056564331,0.7290710806846619,-0.01401701383292675,0.5643740296363831,0.6841305494308472,-0.0213277917355299,0.534078061580658,0.6683367490768433,-0.029009275138378143,0.6301354765892029,0.6072064638137817,0.0007678447873331606,0.6232237219810486,0.5152633190155029,-0.014050195924937725,0.6185487508773804,0.4590025246143341,-0.02153305523097515,0.6141783595085144,0.41214579343795776,-0.02756918966770172,0.6596519947052002,0.6038053035736084,-0.006277312524616718,0.6441919803619385,0.5613738894462585,-0.03709234297275543,0.6472480893135071,0.6434505581855774,-0.04148818179965019,0.6538454294204712,0.6857466101646423,-0.0357561819255352,0.6913657188415527,0.6142607927322388,-0.016228649765253067,0.6794509887695312,0.5936704874038696,-0.04707563295960426,0.6770575046539307,0.6731047034263611,-0.04007462412118912,0.6792100071907043,0.7052658200263977,-0.02638801373541355,0.7244099974632263,0.634360134601593,-0.026996193453669548,0.7120606303215027,0.6176626086235046,-0.04422327131032944,0.7016939520835876,0.6749875545501709,-0.03728526458144188,0.6999189853668213,0.7002766728401184,-0.02755078300833702,No
0.2254054993391037,0.7934775948524475,2.5566857075887128e-08,0.2786305844783783,0.7802038192749023,-0.015862077474594116,0.3299311697483063,0.717079758644104,-0.022893151268363,0.3697434365749359,0.6770697832107544,-0.030676141381263733,0.4031318426132202,0.6696635484695435,-0.039625488221645355,0.2957369089126587,0.5933499932289124,-0.0112107889726758,0.3072364032268524,0.5004857778549194,-0.025429358705878258,0.31384918093681335,0.4427940845489502,-0.03453938663005829,0.3170911371707916,0.39836984872817993,-0.04196251556277275,0.26310232281684875,0.594887375831604,-0.013419002294540405,0.27208399772644043,0.5554670095443726,-0.04226326569914818,0.27217724919319153,0.6335742473602295,-0.04914200305938721,0.26908138394355774,0.681915283203125,-0.04735070466995239,0.23063276708126068,0.6110935211181641,-0.01779218576848507,0.23807041347026825,0.5871142745018005,-0.04841074347496033,0.24247147142887115,0.6602501273155212,-0.043653037399053574,0.24229414761066437,0.699474573135376,-0.03305603563785553,0.19658559560775757,0.631624698638916,-0.0232479739934206,0.2048160880804062,0.6099834442138672,-0.04480239003896713,0.2132376879453659,0.6661749482154846,-0.04015189781785011,0.21613577008247375,0.6980272531509399,-0.03198320418596268,0.7042727470397949,0.8244518041610718,-1.9228559722250793e-07,0.6531786918640137,0.7979492545127869,-0.009286114946007729,0.6014692783355713,0.7290894389152527,-0.013552773743867874,0.5647068619728088,0.6851673126220703,-0.02079525776207447,0.534308910369873,0.6680393218994141,-0.028362836688756943,0.6309503316879272,0.6056646108627319,0.0007172558107413352,0.6237477660179138,0.51343834400177,-0.014106650836765766,0.6188845634460449,0.45752155780792236,-0.021592233330011368,0.6147793531417847,0.4112023711204529,-0.027661357074975967,0.6608322262763977,0.6031447649002075,-0.006675833836197853,0.6445572972297668,0.5606101751327515,-0.03760489448904991,0.6479512453079224,0.64353346824646,-0.041990846395492554,0.6552639007568359,0.686856746673584,-0.03625679761171341,0.6924624443054199,0.614513099193573,-0.016958748921751976,0.679326593875885,0.5947548747062683,-0.04787189140915871,0.6768532991409302,0.6737253069877625,-0.04080817848443985,0.679048478603363,0.7063185572624207,-0.02716321311891079,0.7254297733306885,0.6354275345802307,-0.02803049236536026,0.7120160460472107,0.6188057065010071,-0.04556896165013313,0.7013928890228271,0.6763662695884705,-0.038684044033288956,0.6991678476333618,0.7025320529937744,-0.029001502320170403,No
0.2238667756319046,0.7926474809646606,1.757050505091229e-08,0.2786148190498352,0.7805027365684509,-0.01440575160086155,0.3295997977256775,0.71615070104599,-0.02003849484026432,0.36986419558525085,0.6768978238105774,-0.026753101497888565,0.4032866656780243,0.6716997027397156,-0.03493562340736389,0.2952612638473511,0.592718780040741,-0.009099192917346954,0.30799755454063416,0.5020913481712341,-0.022044986486434937,0.31475093960762024,0.44475075602531433,-0.03067694790661335,0.31787964701652527,0.3998301327228546,-0.03805188462138176,0.2626372277736664,0.5952694416046143,-0.011721745133399963,0.27300378680229187,0.5575475096702576,-0.040002379566431046,0.2731543779373169,0.63381427526474,-0.047492239624261856,0.2686935067176819,0.6816027164459229,-0.046254344284534454,0.2302561104297638,0.6124781370162964,-0.01632518321275711,0.23920392990112305,0.5878034830093384,-0.04607900232076645,0.2436857670545578,0.6587986350059509,-0.04206528142094612,0.2422403246164322,0.6970090866088867,-0.032210152596235275,0.1962379515171051,0.6340386271476746,-0.02191091701388359,0.20619870722293854,0.6126931309700012,-0.04297897219657898,0.21464064717292786,0.666698157787323,-0.03893803432583809,0.2168084681034088,0.6973750591278076,-0.03143605962395668,0.7063982486724854,0.8261743783950806,-1.7653728434652294e-07,0.6542960405349731,0.8003161549568176,-0.012014840729534626,0.6020321846008301,0.7349268198013306,-0.0176787581294775,0.5649393796920776,0.6910872459411621,-0.025865286588668823,0.5347923636436462,0.672666609287262,-0.03420079126954079,0.6301589012145996,0.609781801700592,-0.001220029080286622,0.6230740547180176,0.5187661051750183,-0.016801288351416588,0.6179631948471069,0.46233710646629333,-0.024868784472346306,0.6132308840751648,0.41497528553009033,-0.03129330277442932,0.6601513028144836,0.6055364608764648,-0.007509423419833183,0.6457286477088928,0.5615114569664001,-0.039647676050662994,0.6499994397163391,0.6438053846359253,-0.04465634748339653,0.6565654873847961,0.6886958479881287,-0.038982246071100235,0.6919141411781311,0.615401029586792,-0.016891159117221832,0.681232750415802,0.5951327681541443,-0.04865937680006027,0.6790823340415955,0.6744625568389893,-0.042074382305145264,0.6799094080924988,0.7087295055389404,-0.028398679569363594,0.7250642776489258,0.6349833607673645,-0.02732955478131771,0.7133609056472778,0.6202471256256104,-0.045254528522491455,0.7033222317695618,0.6775697469711304,-0.03886255994439125,0.7003607749938965,0.7033239603042603,-0.02938651293516159,No
0.22599823772907257,0.7879544496536255,2.251690922605576e-08,0.27896493673324585,0.7790657877922058,-0.014146659523248672,0.3317611515522003,0.7150293588638306,-0.019392747431993484,0.3713688254356384,0.6767509579658508,-0.02567090466618538,0.40404799580574036,0.6731846928596497,-0.033334922045469284,0.2975282669067383,0.5862997174263,-0.008364835754036903,0.3114480972290039,0.49669525027275085,-0.020745540037751198,0.3182145953178406,0.441467821598053,-0.02857358008623123,0.32173457741737366,0.39710667729377747,-0.035316627472639084,0.2648361027240753,0.5875855684280396,-0.011036203242838383,0.27736276388168335,0.5529107451438904,-0.03848554566502571,0.275701105594635,0.6307085752487183,-0.04547598958015442,0.2701869606971741,0.6773707866668701,-0.04383379593491554,0.23264718055725098,0.6040504574775696,-0.015607105568051338,0.24445535242557526,0.5858891606330872,-0.04538394510746002,0.24646510183811188,0.6592836976051331,-0.04158651828765869,0.2436934858560562,0.6953464150428772,-0.03167494758963585,0.19863682985305786,0.6250711679458618,-0.021000057458877563,0.21113643050193787,0.6099133491516113,-0.0415353998541832,0.21784350275993347,0.6664711236953735,-0.03707118332386017,0.21893559396266937,0.6955444812774658,-0.029216540977358818,0.7054099440574646,0.8239249587059021,-1.7704388710626517e-07,0.6533723473548889,0.7986853718757629,-0.01095137931406498,0.6007977724075317,0.732884407043457,-0.015959732234477997,0.563732385635376,0.6886429190635681,-0.023599131032824516,0.5338215827941895,0.6696452498435974,-0.03138185665011406,0.6294959783554077,0.6052250266075134,7.586764695588499e-05,0.6221757531166077,0.5142383575439453,-0.014805100858211517,0.6175175905227661,0.45777374505996704,-0.022444121539592743,0.6134507656097412,0.4116578698158264,-0.02858593501150608,0.6602579355239868,0.601645827293396,-0.006765947677195072,0.6448999643325806,0.5589666366577148,-0.03838493674993515,0.6493688821792603,0.6425025463104248,-0.04327518492937088,0.6559230089187622,0.6875335574150085,-0.037463366985321045,0.6924170255661011,0.6122470498085022,-0.01662439852952957,0.6808144450187683,0.5958271622657776,-0.047959569841623306,0.6790639162063599,0.6750128865242004,-0.04131079837679863,0.6798382997512817,0.7078152894973755,-0.027689838781952858,0.7254788279533386,0.6325837969779968,-0.02742471732199192,0.7126255035400391,0.6203071475028992,-0.04496857523918152,0.7033554911613464,0.6775992512702942,-0.03826921060681343,0.7008233070373535,0.7016907334327698,-0.028610333800315857,No
0.22628653049468994,0.7900445461273193,4.1140776119164e-08,0.28056827187538147,0.776648223400116,-0.01541856862604618,0.3314845561981201,0.7142751216888428,-0.021869482472538948,0.3720070719718933,0.677729070186615,-0.029293572530150414,0.4060843288898468,0.6753165125846863,-0.038029029965400696,0.2985861301422119,0.5876674056053162,-0.009676218032836914,0.3132057785987854,0.5006935000419617,-0.02328004129230976,0.3211117684841156,0.44582876563072205,-0.0320117361843586,0.3255937397480011,0.40243735909461975,-0.03922401741147041,0.2660280466079712,0.5896260142326355,-0.012474940158426762,0.27718278765678406,0.5457101464271545,-0.04145289212465286,0.2765079438686371,0.621867299079895,-0.04906666651368141,0.2721083164215088,0.6727061867713928,-0.04729730263352394,0.23362085223197937,0.6067134141921997,-0.01740696094930172,0.24352623522281647,0.5836495757102966,-0.04771316796541214,0.24672344326972961,0.6542872190475464,-0.04430774226784706,0.24505043029785156,0.6923914551734924,-0.03428899869322777,0.19995908439159393,0.6286835670471191,-0.023394973948597908,0.2097959816455841,0.6102290153503418,-0.04406224936246872,0.218161940574646,0.6633206009864807,-0.040038932114839554,0.2208176702260971,0.6926919221878052,-0.03238457068800926,0.7063071131706238,0.8259649276733398,-1.7812237729231128e-07,0.6555185317993164,0.8012244701385498,-0.012152031995356083,0.6031597256660461,0.7374940514564514,-0.018483970314264297,0.5651651620864868,0.6949060559272766,-0.027214782312512398,0.5347781181335449,0.6764510273933411,-0.036094989627599716,0.6296934485435486,0.6097589731216431,-0.00307080359198153,0.6217979788780212,0.5180574655532837,-0.01891770213842392,0.6163104772567749,0.46179261803627014,-0.027302470058202744,0.6112025380134583,0.4148687720298767,-0.0340132974088192,0.6603077054023743,0.6060222387313843,-0.00950419157743454,0.6464230418205261,0.5618776082992554,-0.04212239012122154,0.6508494019508362,0.644451379776001,-0.04733157530426979,0.6568751335144043,0.6920260190963745,-0.04184906929731369,0.6923947930335999,0.6166656613349915,-0.01887028105556965,0.681278645992279,0.5956417322158813,-0.05079811066389084,0.6792962551116943,0.6747568845748901,-0.044121067970991135,0.679918646812439,0.7120741009712219,-0.030466170981526375,0.725630521774292,0.6368567943572998,-0.029275503009557724,0.7133943438529968,0.621671199798584,-0.04775116965174675,0.7036224007606506,0.6789305806159973,-0.04153619334101677,0.7006378173828125,0.7064182162284851,-0.0321013443171978,No
0.22488375008106232,0.7917169332504272,5.3133344835032403e-08,0.28091251850128174,0.7761070132255554,-0.014487864449620247,0.33189111948013306,0.7140246033668518,-0.01983620412647724,0.37202173471450806,0.6786767244338989,-0.02635972574353218,0.40546804666519165,0.6768290996551514,-0.03418169170618057,0.29827240109443665,0.5865402817726135,-0.005735349375754595,0.3121093809604645,0.5016784071922302,-0.017889799550175667,0.31949496269226074,0.4482992887496948,-0.025949331000447273,0.324065625667572,0.4055176377296448,-0.03279572352766991,0.26576530933380127,0.5880570411682129,-0.00872876774519682,0.2767445743083954,0.5416523218154907,-0.0359252467751503,0.27687132358551025,0.6180359125137329,-0.04370603710412979,0.2731363773345947,0.6703649759292603,-0.04208311066031456,0.23333005607128143,0.6053267121315002,-0.013897977769374847,0.24407021701335907,0.5830026865005493,-0.04351499304175377,0.24681779742240906,0.655515730381012,-0.04069223254919052,0.2447132170200348,0.6945998668670654,-0.030871370807290077,0.19955545663833618,0.6276861429214478,-0.019993431866168976,0.21037833392620087,0.6091855764389038,-0.040163617581129074,0.2178163379430771,0.663772702217102,-0.0361199788749218,0.2196745127439499,0.6939487457275391,-0.028401898220181465,0.7057258486747742,0.8265665769577026,-1.8232407228424563e-07,0.6545953750610352,0.8026151061058044,-0.01083388738334179,0.6020063161849976,0.7372639179229736,-0.016353856772184372,0.5645179748535156,0.6940631866455078,-0.024446306750178337,0.5342239737510681,0.6752832531929016,-0.03274155035614967,0.6303349733352661,0.609840989112854,-0.002126670442521572,0.6219884753227234,0.5171703100204468,-0.01799851283431053,0.6163368821144104,0.4606028199195862,-0.0262204147875309,0.6113608479499817,0.4135863482952118,-0.03267880529165268,0.661068320274353,0.6061057448387146,-0.009259185753762722,0.6454989314079285,0.5602414011955261,-0.04227186366915703,0.6500958800315857,0.6449007987976074,-0.04704340547323227,0.6575527787208557,0.6933130025863647,-0.04077768698334694,0.6930282115936279,0.6168855428695679,-0.019237635657191277,0.680855929851532,0.5985658168792725,-0.05125041306018829,0.6791850328445435,0.6786702275276184,-0.04398435354232788,0.6809878945350647,0.7145739793777466,-0.029650863260030746,0.7259282469749451,0.6370713710784912,-0.03016509674489498,0.7127459049224854,0.6238394379615784,-0.048044562339782715,0.7029845118522644,0.6815723180770874,-0.04109523072838783,0.7006484270095825,0.7076033353805542,-0.031087899580597878,No
0.2217768281698227,0.7951987385749817,7.482161379357422e-08,0.27824121713638306,0.7769438028335571,-0.016346672549843788,0.32972922921180725,0.7160924673080444,-0.022395776584744453,0.3705092966556549,0.6808695197105408,-0.029165586456656456,0.4041444659233093,0.677250862121582,-0.036910414695739746,0.29668763279914856,0.5933054089546204,-0.0074113504961133,0.31123173236846924,0.5080081224441528,-0.020840397104620934,0.32020723819732666,0.4543337821960449,-0.029402844607830048,0.3261682391166687,0.41205376386642456,-0.03631053864955902,0.26459231972694397,0.593968391418457,-0.010142534039914608,0.27329936623573303,0.5351637601852417,-0.039378855377435684,0.27419042587280273,0.6089550852775574,-0.047760047018527985,0.27165737748146057,0.6640409231185913,-0.045570701360702515,0.23220811784267426,0.6103846430778503,-0.015289580449461937,0.24132777750492096,0.5847480893135071,-0.046612899750471115,0.2450784295797348,0.656277596950531,-0.04444066435098648,0.2439982295036316,0.6952304840087891,-0.03419802337884903,0.19865857064723969,0.6320551633834839,-0.021523790434002876,0.20801271498203278,0.6134064793586731,-0.04260174185037613,0.21596495807170868,0.6663743257522583,-0.039179325103759766,0.21859802305698395,0.6946776509284973,-0.031570952385663986,0.7053975462913513,0.8296958208084106,-1.8628801967679465e-07,0.6536906957626343,0.8056427240371704,-0.010686997324228287,0.6016741991043091,0.7399852275848389,-0.01608441397547722,0.5642418265342712,0.6976257562637329,-0.024121569469571114,0.5340830683708191,0.6793621778488159,-0.03242502734065056,0.6302182078361511,0.6129202842712402,-0.0033424270804971457,0.622102677822113,0.518399715423584,-0.019443567842245102,0.616637110710144,0.4623957872390747,-0.027375688776373863,0.611698567867279,0.4147447943687439,-0.033493708819150925,0.6615461707115173,0.6104041337966919,-0.010323433205485344,0.6492375135421753,0.5660498738288879,-0.04375519976019859,0.6537914872169495,0.651282548904419,-0.048203084617853165,0.6606530547142029,0.6971655488014221,-0.04161932319402695,0.6939488649368286,0.6224496364593506,-0.020098509266972542,0.684191882610321,0.6052394509315491,-0.05210139974951744,0.6820665001869202,0.6840130090713501,-0.04470027610659599,0.6834251880645752,0.7142135500907898,-0.030258318409323692,0.7266848087310791,0.6431599855422974,-0.030739229172468185,0.7167857885360718,0.624637246131897,-0.04784035682678223,0.7072498798370361,0.6795910596847534,-0.040298305451869965,0.7051536440849304,0.7012354731559753,-0.029945338144898415,No
0.22266174852848053,0.795391321182251,8.709887566737962e-08,0.2789481282234192,0.7759721875190735,-0.014878656715154648,0.3300159275531769,0.714060366153717,-0.020640883594751358,0.3707314133644104,0.6795294880867004,-0.027526767924427986,0.4052348732948303,0.679724931716919,-0.035545118153095245,0.29453685879707336,0.5902296900749207,-0.0043414924293756485,0.3074529469013214,0.506239652633667,-0.016453906893730164,0.3157292604446411,0.4540846347808838,-0.024889733642339706,0.3212220370769501,0.4124576151371002,-0.032081037759780884,0.2624407410621643,0.5924639105796814,-0.007773117162287235,0.27181190252304077,0.5368692278862,-0.03456007316708565,0.27337953448295593,0.6111451387405396,-0.04277171939611435,0.2710641920566559,0.6642658114433289,-0.041408736258745193,0.2302810102701187,0.610552966594696,-0.013536063954234123,0.2396014779806137,0.5831076502799988,-0.04290718585252762,0.24374885857105255,0.655311644077301,-0.04005105420947075,0.24277593195438385,0.6938275694847107,-0.030156360939145088,0.19681690633296967,0.6340268850326538,-0.02033899538218975,0.20668408274650574,0.6123467683792114,-0.03976720571517944,0.2147100567817688,0.6663472056388855,-0.035119641572237015,0.21687641739845276,0.6955838203430176,-0.02717507816851139,0.7065568566322327,0.8309647440910339,-1.7759083448254387e-07,0.654864490032196,0.8081285357475281,-0.01206973660737276,0.6032009124755859,0.7425034046173096,-0.01882493682205677,0.5647112727165222,0.700164794921875,-0.027941357344388962,0.5334666967391968,0.6821622252464294,-0.03732239454984665,0.6307973861694336,0.6154127717018127,-0.006950762122869492,0.622958242893219,0.5193519592285156,-0.024337178096175194,0.6177710294723511,0.46320489048957825,-0.03344552218914032,0.6131527423858643,0.413858026266098,-0.04047141969203949,0.6627707481384277,0.6127923727035522,-0.01347327046096325,0.6517200469970703,0.5715200901031494,-0.04778500273823738,0.6560356616973877,0.655493438243866,-0.05288322642445564,0.6626361012458801,0.699267566204071,-0.04720226302742958,0.6956276893615723,0.6252197027206421,-0.022712666541337967,0.6869337558746338,0.610095739364624,-0.05518298223614693,0.6851035952568054,0.6870394945144653,-0.04758010432124138,0.6867064237594604,0.7154843211174011,-0.0333310104906559,0.7285605072975159,0.6461976766586304,-0.03294936940073967,0.7195169925689697,0.6252303719520569,-0.0501679964363575,0.7103675603866577,0.6793431639671326,-0.04206041246652603,0.7086102962493896,0.7011751532554626,-0.031443580985069275,No
0.22263573110103607,0.7940598726272583,8.513665505915924e-08,0.27786165475845337,0.7770869135856628,-0.017191607505083084,0.327687531709671,0.715777575969696,-0.02503662183880806,0.36911138892173767,0.6814668774604797,-0.03352872282266617,0.40399545431137085,0.679864227771759,-0.043093107640743256,0.2928345799446106,0.588848888874054,-0.009578426368534565,0.3020860254764557,0.5006950497627258,-0.023981371894478798,0.30726081132888794,0.44400250911712646,-0.03406422585248947,0.30973419547080994,0.3987548053264618,-0.04224017634987831,0.260433554649353,0.591741144657135,-0.012156392447650433,0.26622331142425537,0.53938227891922,-0.04091763496398926,0.2685500383377075,0.6123859882354736,-0.050092585384845734,0.2670484185218811,0.6638761162757874,-0.04943030700087547,0.2283492088317871,0.6102385520935059,-0.017057672142982483,0.23447756469249725,0.5859869122505188,-0.04707682505249977,0.2394641637802124,0.6552124619483948,-0.044487930834293365,0.23969334363937378,0.693453848361969,-0.03490535914897919,0.19551555812358856,0.6344804763793945,-0.02326710894703865,0.20302246510982513,0.6149815917015076,-0.043218910694122314,0.211635023355484,0.6680267453193665,-0.03893882781267166,0.2153063416481018,0.6982819437980652,-0.031128790229558945,0.7061427235603333,0.830165445804596,-1.7481997360846435e-07,0.6546348333358765,0.8077106475830078,-0.011940406635403633,0.6030064225196838,0.7423315048217773,-0.01826426200568676,0.5648669004440308,0.6997957825660706,-0.02695073001086712,0.534557044506073,0.680972695350647,-0.03584020957350731,0.6315515041351318,0.6151593923568726,-0.006442286539822817,0.6249597668647766,0.5176698565483093,-0.023921672254800797,0.6207849979400635,0.4600749611854553,-0.032881755381822586,0.617260754108429,0.4104597568511963,-0.03953975811600685,0.663321316242218,0.6127120852470398,-0.01249626837670803,0.6525304317474365,0.5721456408500671,-0.047048356384038925,0.6568194031715393,0.6550723314285278,-0.052215348929166794,0.663426399230957,0.6991719007492065,-0.046269744634628296,0.695959210395813,0.6243104934692383,-0.021297823637723923,0.6873629689216614,0.6114187836647034,-0.05386903136968613,0.6855015754699707,0.6879100203514099,-0.046810030937194824,0.686664342880249,0.7164431214332581,-0.03259506821632385,0.728870153427124,0.6441074013710022,-0.031028732657432556,0.7199008464813232,0.6259680986404419,-0.0480179525911808,0.7105187773704529,0.6795676946640015,-0.04038771986961365,0.7081060409545898,0.7007325887680054,-0.02992069534957409,No
0.22190846502780914,0.7960862517356873,5.387899193465273e-08,0.2786065340042114,0.7810041308403015,-0.016047915443778038,0.32955196499824524,0.7175987362861633,-0.02295229211449623,0.3695227801799774,0.6813315749168396,-0.030627265572547913,0.40330758690834045,0.6823272109031677,-0.039633605629205704,0.2905067503452301,0.588157057762146,-0.009366678074002266,0.29609087109565735,0.49892759323120117,-0.022612061351537704,0.29889851808547974,0.44197094440460205,-0.032352644950151443,0.3000834286212921,0.3982904553413391,-0.04053179919719696,0.25703537464141846,0.5928700566291809,-0.011411044746637344,0.260556697845459,0.5498639941215515,-0.03848540782928467,0.2638920247554779,0.6207399964332581,-0.047446586191654205,0.263759970664978,0.6697154641151428,-0.047712985426187515,0.22501344978809357,0.6124138832092285,-0.015557576902210712,0.22968487441539764,0.5906471014022827,-0.04394902288913727,0.23591601848602295,0.6574306488037109,-0.04169745743274689,0.23756487667560577,0.6968972086906433,-0.03343862667679787,0.19238832592964172,0.6372962594032288,-0.020967625081539154,0.19940942525863647,0.6176663637161255,-0.041142385452985764,0.20842602849006653,0.6702650785446167,-0.03806731477379799,0.2132348269224167,0.703063428401947,-0.03147197142243385,0.7073013186454773,0.8308722972869873,-1.6768919408605143e-07,0.656263530254364,0.8085268139839172,-0.01310951728373766,0.6047127842903137,0.7434428930282593,-0.02049724943935871,0.5648951530456543,0.7031278014183044,-0.03009570948779583,0.5340673327445984,0.6840881109237671,-0.03977720066905022,0.6318867802619934,0.6130996942520142,-0.007114579435437918,0.6251388788223267,0.5168167352676392,-0.02521962858736515,0.6210585236549377,0.45930859446525574,-0.03478241711854935,0.6178867816925049,0.40951424837112427,-0.04193137586116791,0.6634058952331543,0.6102456450462341,-0.012749193236231804,0.6523967981338501,0.5730512738227844,-0.047093335539102554,0.6569643020629883,0.6573198437690735,-0.05209200456738472,0.6635097861289978,0.69833904504776,-0.04634861648082733,0.6960177421569824,0.6215072274208069,-0.021359868347644806,0.6871321201324463,0.6109477281570435,-0.053780268877744675,0.6849265694618225,0.6877776980400085,-0.04642215743660927,0.6857616305351257,0.7131357192993164,-0.03234494477510452,0.7288155555725098,0.6411632895469666,-0.031105220317840576,0.7192462086677551,0.6261314749717712,-0.04812638461589813,0.7094771265983582,0.6810053586959839,-0.04040105268359184,0.7067418694496155,0.7007594704627991,-0.029997091740369797,No
0.22435133159160614,0.7964097261428833,9.898693420495874e-09,0.27934131026268005,0.7825156450271606,-0.015220553614199162,0.32922932505607605,0.7173299789428711,-0.021682417020201683,0.36941906809806824,0.6809744834899902,-0.028760749846696854,0.4031769037246704,0.6818955540657043,-0.037170443683862686,0.28866133093833923,0.5909937024116516,-0.009902562946081161,0.29025009274482727,0.49958017468452454,-0.02226162515580654,0.2897084355354309,0.4425499141216278,-0.03106989897787571,0.28790223598480225,0.39848238229751587,-0.03883492946624756,0.25578489899635315,0.5961751937866211,-0.011785953305661678,0.2612111568450928,0.5595449805259705,-0.03768891096115112,0.2639487683773041,0.6337807774543762,-0.04485846310853958,0.26244693994522095,0.6782976984977722,-0.044358570128679276,0.2242881804704666,0.6159132122993469,-0.01564975082874298,0.22946873307228088,0.5949432849884033,-0.04354057461023331,0.2359819859266281,0.6634209156036377,-0.039828065782785416,0.2372596710920334,0.6993851661682129,-0.030991848558187485,0.19194258749485016,0.639640748500824,-0.02061324194073677,0.19911827147006989,0.6183094382286072,-0.04078688845038414,0.2084604948759079,0.6726398468017578,-0.036808259785175323,0.21249893307685852,0.7044484615325928,-0.029810411855578423,0.707014262676239,0.8318067789077759,-1.6673872949013457e-07,0.6560888290405273,0.8106015920639038,-0.014003519900143147,0.6045679450035095,0.744755744934082,-0.0215368140488863,0.5647104978561401,0.7037201523780823,-0.031082211062312126,0.5337246060371399,0.6851819753646851,-0.04068006947636604,0.6309297680854797,0.6135926842689514,-0.007925919257104397,0.6250227093696594,0.517351508140564,-0.026387054473161697,0.6211116909980774,0.4599417746067047,-0.03583761677145958,0.6185135841369629,0.4097462594509125,-0.04287932440638542,0.6629005074501038,0.6107373833656311,-0.013302274979650974,0.6519119143486023,0.5738828182220459,-0.04764460772275925,0.6559732556343079,0.6597937941551208,-0.052153997123241425,0.6625012755393982,0.698001503944397,-0.0461222343146801,0.6958631277084351,0.6223320960998535,-0.021791979670524597,0.6874628067016602,0.611361563205719,-0.054819926619529724,0.6845777034759521,0.6900632977485657,-0.04697014391422272,0.6852466464042664,0.7131993174552917,-0.03250015527009964,0.7289701700210571,0.6423017978668213,-0.03147629648447037,0.7199805378913879,0.6272401809692383,-0.049197353422641754,0.7100266218185425,0.6839444637298584,-0.04123862460255623,0.7072091102600098,0.7031211853027344,-0.030568793416023254,No
0.2248918116092682,0.7933849692344666,-3.6724259189213626e-09,0.27998679876327515,0.7843667268753052,-0.01518196053802967,0.32937073707580566,0.7191193699836731,-0.021246179938316345,0.3685053586959839,0.680016040802002,-0.027904031798243523,0.4017806053161621,0.6828235983848572,-0.035909004509449005,0.2880782186985016,0.5931722521781921,-0.011031120084226131,0.29010269045829773,0.4988972246646881,-0.023556675761938095,0.2882571816444397,0.4404911398887634,-0.03185007721185684,0.2854972779750824,0.3961738646030426,-0.03915291652083397,0.255599707365036,0.5977643728256226,-0.012449957430362701,0.2620418965816498,0.5683927536010742,-0.03917211666703224,0.2638644576072693,0.6436335444450378,-0.04545734077692032,0.26216796040534973,0.6854178309440613,-0.04416385665535927,0.22421066462993622,0.6159515380859375,-0.015832383185625076,0.22976776957511902,0.5978668928146362,-0.04423733800649643,0.23549170792102814,0.6667929291725159,-0.039799634367227554,0.23649685084819794,0.7008363604545593,-0.03039267472922802,0.191537544131279,0.6376767158508301,-0.02028186246752739,0.19916054606437683,0.617580235004425,-0.04089849069714546,0.20796704292297363,0.6733373999595642,-0.03687881678342819,0.21182399988174438,0.7047021389007568,-0.02968292124569416,0.7060785889625549,0.8300626277923584,-1.7180114753045928e-07,0.654990017414093,0.8080074191093445,-0.013813910074532032,0.6034677624702454,0.743371844291687,-0.0212283693253994,0.563795804977417,0.7036234140396118,-0.03067471832036972,0.533124566078186,0.6854395866394043,-0.04014119133353233,0.6305896639823914,0.6138049960136414,-0.00812248419970274,0.624472439289093,0.5172688961029053,-0.026540838181972504,0.6209025382995605,0.45992299914360046,-0.03584101051092148,0.6186211705207825,0.4093439280986786,-0.0426969975233078,0.662571132183075,0.6105985641479492,-0.013173502869904041,0.6518692374229431,0.5761190056800842,-0.047430370002985,0.6567073464393616,0.6616731882095337,-0.05178862437605858,0.6636120676994324,0.6992554664611816,-0.04567410424351692,0.6954925060272217,0.6214361190795898,-0.02130107581615448,0.6871167421340942,0.6121045351028442,-0.05389593541622162,0.6848604083061218,0.6899138689041138,-0.046101197600364685,0.6857841610908508,0.7123284935951233,-0.03168833628296852,0.7285830974578857,0.6405841112136841,-0.03060358203947544,0.7194588780403137,0.6261631846427917,-0.047668665647506714,0.7094483375549316,0.6814887523651123,-0.039772141724824905,0.7064652442932129,0.699673056602478,-0.029203813523054123,No
0.22278182208538055,0.7937425374984741,-1.2183885012007067e-08,0.27778464555740356,0.7863519787788391,-0.01715470664203167,0.32851576805114746,0.7215866446495056,-0.02426479011774063,0.3680901825428009,0.6818041205406189,-0.03148800879716873,0.4012453556060791,0.686173677444458,-0.039937928318977356,0.28856903314590454,0.5980590581893921,-0.01380639523267746,0.29066652059555054,0.5021398067474365,-0.027629589661955833,0.2883360683917999,0.4421885907649994,-0.035979870706796646,0.2851228713989258,0.39736515283584595,-0.043147243559360504,0.2565518915653229,0.6010375022888184,-0.014353031292557716,0.26211971044540405,0.5707619190216064,-0.04319724813103676,0.26304078102111816,0.649183988571167,-0.0491015650331974,0.26186081767082214,0.6912090182304382,-0.046969108283519745,0.2251778244972229,0.616860032081604,-0.017052574083209038,0.2284940630197525,0.5965246558189392,-0.04802719131112099,0.23418904840946198,0.6695858836174011,-0.04303070530295372,0.2364446520805359,0.7057675719261169,-0.032520223408937454,0.19214105606079102,0.6362953782081604,-0.020860230550169945,0.1978539228439331,0.6153241395950317,-0.044041164219379425,0.2063632607460022,0.6744275093078613,-0.04043516144156456,0.21094274520874023,0.7074031829833984,-0.03293595090508461,0.7056453824043274,0.8290780186653137,-1.7272807895096776e-07,0.6544621586799622,0.8073540925979614,-0.014172574505209923,0.6030599474906921,0.7414698600769043,-0.021443819627165794,0.5636720657348633,0.7009365558624268,-0.030641580000519753,0.5329018235206604,0.6833985447883606,-0.039880938827991486,0.6300641894340515,0.6131507754325867,-0.008487585000693798,0.6246728897094727,0.51754230260849,-0.026861870661377907,0.6211468577384949,0.460490345954895,-0.03615375980734825,0.6189295053482056,0.40970349311828613,-0.04308411478996277,0.662492036819458,0.609655499458313,-0.013403082266449928,0.651500940322876,0.5776547193527222,-0.04757320135831833,0.6558127403259277,0.6630091071128845,-0.05201977118849754,0.6626035571098328,0.6989595293998718,-0.0460900217294693,0.6956674456596375,0.620881199836731,-0.021403925493359566,0.6868306398391724,0.6136735081672668,-0.05425224453210831,0.6842442154884338,0.690972089767456,-0.04668688774108887,0.6851731538772583,0.7116110324859619,-0.03247081860899925,0.7286891937255859,0.6404920816421509,-0.03059539943933487,0.7192148566246033,0.6267536878585815,-0.04826275259256363,0.7091680765151978,0.6817933320999146,-0.04058837890625,0.7062290906906128,0.6995489597320557,-0.030095459893345833,No
0.22489316761493683,0.7937806248664856,-3.4054852271481195e-09,0.27853670716285706,0.783397376537323,-0.01668974943459034,0.3292282223701477,0.719775915145874,-0.02371559850871563,0.3679942190647125,0.6828297972679138,-0.030858445912599564,0.3998209536075592,0.6849685311317444,-0.03911616653203964,0.289644330739975,0.600231409072876,-0.014774982817471027,0.2924973964691162,0.5038949847221375,-0.029200591146945953,0.29156792163848877,0.4428401291370392,-0.03784727677702904,0.28971168398857117,0.3970949649810791,-0.04501589015126228,0.25689050555229187,0.6017616987228394,-0.015784449875354767,0.265240877866745,0.5715616941452026,-0.04520082846283913,0.26488807797431946,0.6492941379547119,-0.051103029400110245,0.2624362111091614,0.6928037405014038,-0.04875195026397705,0.22537198662757874,0.6167111396789551,-0.018862135708332062,0.23215249180793762,0.5981661677360535,-0.049268629401922226,0.23679818212985992,0.6688583493232727,-0.043928954750299454,0.2378215342760086,0.7048287391662598,-0.03327539190649986,0.19271402060985565,0.6356332898139954,-0.02310734987258911,0.20138652622699738,0.6164722442626953,-0.045138098299503326,0.2095213383436203,0.6732417941093445,-0.04097839444875717,0.2131422609090805,0.7054693698883057,-0.033237800002098083,0.7048961520195007,0.8250716924667358,-1.699654035292042e-07,0.6532984375953674,0.8056896328926086,-0.013837367296218872,0.6016450524330139,0.741365909576416,-0.020777087658643723,0.5621721744537354,0.7004876732826233,-0.029777180403470993,0.5319205522537231,0.6836944818496704,-0.03872277960181236,0.6286875605583191,0.6125075221061707,-0.007266767788678408,0.6234083771705627,0.516141414642334,-0.025468405336141586,0.6197440028190613,0.4588274657726288,-0.034343983978033066,0.6177589297294617,0.40902504324913025,-0.040784191340208054,0.6610301733016968,0.6087683439254761,-0.011923610232770443,0.6510047912597656,0.5791348218917847,-0.0452624149620533,0.6558375358581543,0.6641029715538025,-0.04900367558002472,0.6624430418014526,0.696537971496582,-0.0426369272172451,0.6941683888435364,0.6181266903877258,-0.019755244255065918,0.686369001865387,0.612254798412323,-0.051839154213666916,0.6841412782669067,0.6896490454673767,-0.043738070875406265,0.6848000288009644,0.7081856727600098,-0.02927307039499283,0.7271496057510376,0.635772168636322,-0.028827950358390808,0.7187749743461609,0.6247398257255554,-0.045834627002477646,0.7091208696365356,0.680117666721344,-0.03786979615688324,0.7061707377433777,0.6968184113502502,-0.02716921456158161,No
0.22304655611515045,0.7935587763786316,-1.6524866452982678e-07,0.2790970802307129,0.7826361656188965,-0.01345790084451437,0.3299919366836548,0.7230564951896667,-0.018077075481414795,0.3685535788536072,0.6855649948120117,-0.023775866255164146,0.40039172768592834,0.6902597546577454,-0.02976738102734089,0.29110053181648254,0.6047542691230774,-0.006066072732210159,0.297830730676651,0.5310816168785095,-0.022142764180898666,0.2998512089252472,0.5388392210006714,-0.03145322948694229,0.30145981907844543,0.5563232898712158,-0.03652704507112503,0.2591289281845093,0.6038335561752319,-0.0070616817101836205,0.26432138681411743,0.576112687587738,-0.032374992966651917,0.26337745785713196,0.6539247632026672,-0.03849157691001892,0.26217007637023926,0.6970312595367432,-0.03670165315270424,0.2279500812292099,0.6149848699569702,-0.010913193225860596,0.2314782738685608,0.5977880358695984,-0.0376843586564064,0.23453320562839508,0.6680659651756287,-0.03479649871587753,0.2361515611410141,0.7026571035385132,-0.026173733174800873,0.19570767879486084,0.6307253837585449,-0.015559951774775982,0.20046882331371307,0.6119027733802795,-0.034126680344343185,0.20681269466876984,0.6673038005828857,-0.030566217377781868,0.2112283557653427,0.697217583656311,-0.023312821984291077,0.7023305296897888,0.8225522041320801,-1.6523941326340719e-07,0.6517359018325806,0.8039305806159973,-0.014340796507894993,0.6008554697036743,0.7395256161689758,-0.022092409431934357,0.5622032284736633,0.6988815069198608,-0.031994111835956573,0.5315642952919006,0.6817005276679993,-0.04178814962506294,0.6270002722740173,0.6130231022834778,-0.008710729889571667,0.6207897663116455,0.5169041752815247,-0.02839530073106289,0.6165100932121277,0.4591273367404938,-0.037865497171878815,0.614083468914032,0.4079194962978363,-0.04441932961344719,0.659404993057251,0.6089038252830505,-0.013626035302877426,0.648017406463623,0.5823243856430054,-0.0480048805475235,0.6534746885299683,0.6677707433700562,-0.051396194845438004,0.6614051461219788,0.6965137720108032,-0.044542524963617325,0.692848801612854,0.6170899271965027,-0.021882353350520134,0.6835207939147949,0.6124958395957947,-0.05497656390070915,0.6829800009727478,0.689990758895874,-0.04578213766217232,0.6860722303390503,0.7047457098960876,-0.030249278992414474,0.726462185382843,0.6329758763313293,-0.03145777806639671,0.7170889377593994,0.6196416020393372,-0.048563357442617416,0.7091455459594727,0.6747251152992249,-0.03932829201221466,0.7090455889701843,0.6893028020858765,-0.027477426454424858,No
0.22514547407627106,0.7903396487236023,1.4646808210727613e-08,0.2791326940059662,0.780677318572998,-0.014364216476678848,0.3313477039337158,0.7183402180671692,-0.01915111392736435,0.3675798773765564,0.6794849038124084,-0.024556294083595276,0.3975662291049957,0.6841130256652832,-0.031458932906389236,0.2948336899280548,0.6001258492469788,-0.008954235352575779,0.30116161704063416,0.5072916746139526,-0.0211485605686903,0.30270814895629883,0.4481270909309387,-0.028256859630346298,0.30342787504196167,0.40540146827697754,-0.03419366851449013,0.26229509711265564,0.5986217856407166,-0.010095165111124516,0.2696302831172943,0.570614755153656,-0.0381302610039711,0.2672361135482788,0.646145761013031,-0.04401523992419243,0.26427701115608215,0.6923305988311768,-0.041300076991319656,0.2305126041173935,0.6109634637832642,-0.013275552541017532,0.23552481830120087,0.5928869247436523,-0.04287998005747795,0.23818370699882507,0.6620676517486572,-0.03895725682377815,0.23837725818157196,0.7005122303962708,-0.02891283854842186,0.19692234694957733,0.6281409859657288,-0.017335107550024986,0.203634113073349,0.6082936525344849,-0.038912512362003326,0.21074794232845306,0.6641703248023987,-0.03582443296909332,0.21444469690322876,0.6969747543334961,-0.028583252802491188,0.701581597328186,0.8222489356994629,-1.7082680869862088e-07,0.6513296961784363,0.8048855066299438,-0.01420003455132246,0.6006484627723694,0.7393690943717957,-0.0221428032964468,0.5616018176078796,0.6982291340827942,-0.03249107673764229,0.5300856232643127,0.6810159087181091,-0.042765263468027115,0.6251659989356995,0.6122830510139465,-0.00721827894449234,0.6176710724830627,0.5189570188522339,-0.026844505220651627,0.6128928661346436,0.4618890881538391,-0.03622378036379814,0.6104803681373596,0.41095584630966187,-0.04274468496441841,0.6571712493896484,0.605689525604248,-0.01220379862934351,0.6459365487098694,0.5812709927558899,-0.04516451805830002,0.6517118811607361,0.6683436036109924,-0.04768117889761925,0.6592321991920471,0.693554699420929,-0.040672726929187775,0.6904116868972778,0.6125425100326538,-0.020709151402115822,0.6804547905921936,0.6093133091926575,-0.052511971443891525,0.6793105006217957,0.6879103183746338,-0.04253567382693291,0.6819123029708862,0.7012916803359985,-0.02708764187991619,0.7237123847007751,0.6284313797950745,-0.03070002794265747,0.7130017876625061,0.6199697852134705,-0.0468626543879509,0.703903317451477,0.6767551898956299,-0.03735295683145523,0.7027305960655212,0.691599428653717,-0.025717718526721,No
